year,sector_bucket,p50,n_facilities
2025,Other,107706875.08811988,393
2025,1(a),123122596.40314579,127
2025,1(c),714228101.9461944,1178
2025,2(b),73133046.642183,61
2025,2(e)(i),11137505.772086423,47
2025,3(a),26399369.367751807,117
2025,3(c),43046881.54071876,109
2025,3(c)(i),65802993.50599924,147
2025,3(c)(iii),9231998.170293631,42
2025,3(e),8671369.021642782,62
2025,4(a),11242337.630677916,33
2025,4(a)(ii),9836645.681906126,35
2025,4(c),14563013.555276632,36
2025,5(a),5593907.883995866,53
2025,5(b),64307409.0798716,268
2025,5(c),34650583.88411115,82
2025,5(d),23472278.74611105,1183
2025,5(f),1294185.9154955035,112
2025,6(a),34103955.37414257,75
2025,6(b),24467003.441467628,115
2025,7(a),464564.36703727645,79
2025,7(a)(i),318260.49656007474,43
2025,7(a)(ii),557548.0183249214,140
2025,7(a)(iii),243666.01919851848,54
2025,8(b)(ii),5477791.754801057,40
2026,Other,107893218.80057457,393
2026,1(a),125350168.31368943,127
2026,1(c),716163869.7626971,1178
2026,2(b),73148744.20719612,61
2026,2(e)(i),11146920.55826276,47
2026,3(a),26725176.015002042,117
2026,3(c),42953595.02514378,109
2026,3(c)(i),65193428.85125618,147
2026,3(c)(iii),9149720.870620096,42
2026,3(e),8746755.313593308,62
2026,4(a),11073580.836869478,33
2026,4(a)(ii),9890917.39340872,35
2026,4(c),14587901.5898509,36
2026,5(a),5744658.937623323,53
2026,5(b),66087341.576201454,268
2026,5(c),34728255.5960168,82
2026,5(d),23553641.235634223,1183
2026,5(f),1304139.9102956417,112
2026,6(a),34932025.14406884,75
2026,6(b),24787789.249042034,115
2026,7(a),466255.88538418233,79
2026,7(a)(i),319414.3265364471,43
2026,7(a)(ii),554544.7557662623,140
2026,7(a)(iii),245075.7997455962,54
2026,8(b)(ii),5442136.559375502,40
2027,Other,108372158.33288188,393
2027,1(a),128227434.73095983,127
2027,1(c),713279543.7789317,1178
2027,2(b),73285721.0901705,61
2027,2(e)(i),11160650.679168899,47
2027,3(a),27146068.314729944,117
2027,3(c),42897440.08953497,109
2027,3(c)(i),64619689.015871264,147
2027,3(c)(iii),9071590.675484408,42
2027,3(e),8829036.39468323,62
2027,4(a),10915726.15299966,33
2027,4(a)(ii),9962809.812274761,35
2027,4(c),14682474.256515713,36
2027,5(a),5909908.31941193,53
2027,5(b),68012855.77388674,268
2027,5(c),34810855.429018304,82
2027,5(d),23743406.48246739,1183
2027,5(f),1315977.5493896753,112
2027,6(a),35575197.63423643,75
2027,6(b),25137024.439681713,115
2027,7(a),468481.7980587132,79
2027,7(a)(i),320817.84930283885,43
2027,7(a)(ii),552002.5595357617,140
2027,7(a)(iii),246597.56726540637,54
2027,8(b)(ii),5419562.439009482,40
2028,Other,108893153.65090421,393
2028,1(a),131035545.79966015,127
2028,1(c),712222690.7393612,1178
2028,2(b),73542817.88911761,61
2028,2(e)(i),11178707.588640206,47
2028,3(a),27668444.09583926,117
2028,3(c),42878755.10184161,109
2028,3(c)(i),64080593.963922925,147
2028,3(c)(iii),8997464.736168435,42
2028,3(e),8918572.198794471,62
2028,4(a),10767745.933297684,33
2028,4(a)(ii),10052425.4685875,35
2028,4(c),14848875.769410376,36
2028,5(a),6090393.360095797,53
2028,5(b),70071229.5928571,268
2028,5(c),34905553.97976152,82
2028,5(d),23953407.975551464,1183
2028,5(f),1329771.7619643658,112
2028,6(a),35922343.4377524,75
2028,6(b),25515579.40055647,115
2028,7(a),471211.267944933,79
2028,7(a)(i),322476.1581847054,43
2028,7(a)(ii),549912.7268049758,140
2028,7(a)(iii),248233.3439530855,54
2028,8(b)(ii),5410523.611082009,40
2029,Other,109197233.3885763,393
2029,1(a),132168888.60062669,127
2029,1(c),712648195.6562274,1178
2029,2(b),73920369.91322702,61
2029,2(e)(i),11201127.82210855,47
2029,3(a),28300141.026517227,117
2029,3(c),42898040.17775914,109
2029,3(c)(i),63575065.165836886,147
2029,3(c)(iii),8927209.115179624,42
2029,3(e),9015750.410414819,62
2029,4(a),10628781.894296369,33
2029,4(a)(ii),10160087.854992155,35
2029,4(c),15090458.328462087,36
2029,5(a),6287062.129772422,53
2029,5(b),72110324.689796,268
2029,5(c),35013334.61609003,82
2029,5(d),24197782.373200588,1183
2029,5(f),1345607.4744741514,112
2029,6(a),36027947.026789,75
2029,6(b),25924472.214849774,115
2029,7(a),474422.2635521032,79
2029,7(a)(i),324395.3375858522,43
2029,7(a)(ii),548268.3213663646,140
2029,7(a)(iii),249985.28872301066,54
2029,8(b)(ii),5415840.229000641,40
