year,sector,emissions
2007,Animal and vegetable products from the food and beverage sector,6031743.4
2007,Chemical industry,113729289.92
2007,Energy sector,741648624.9
2007,Intensive livestock production and aquaculture,7006259.699999999
2007,Mineral industry,169606165.9
2007,Other activities,551751.2
2007,Paper and wood production and processing,18804115.099999998
2007,Production and processing of metals,131834765.3
2007,Waste and wastewater management,59676921.1
2008,Animal and vegetable products from the food and beverage sector,5353727.1
2008,Chemical industry,108814488.3
2008,Energy sector,715306839.6
2008,Intensive livestock production and aquaculture,7298550.499999999
2008,Mineral industry,163802981.3
2008,Other activities,704115.9
2008,Paper and wood production and processing,18977113.9
2008,Production and processing of metals,127908179
2008,Waste and wastewater management,63838736.2
2009,Animal and vegetable products from the food and beverage sector,8044114.5
2009,Chemical industry,95634970.3
2009,Energy sector,728911240.02
2009,Intensive livestock production and aquaculture,5316389.5
2009,Mineral industry,131556446.2
2009,Other activities,635999.2
2009,Paper and wood production and processing,25188590.1
2009,Production and processing of metals,92339371.26
2009,Waste and wastewater management,63408831.2429
2010,Animal and vegetable products from the food and beverage sector,6796331.7
2010,Chemical industry,101190284.4
2010,Energy sector,777262486.999
2010,Intensive livestock production and aquaculture,5354758.9
2010,Mineral industry,141979650.1
2010,Other activities,592020.7
2010,Paper and wood production and processing,29026101.400000002
2010,Production and processing of metals,123495986.08
2010,Waste and wastewater management,64587231.1
2011,Animal and vegetable products from the food and beverage sector,6214220.2
2011,Chemical industry,89312135.48
2011,Energy sector,836081642.58
2011,Intensive livestock production and aquaculture,5735354.399999999
2011,Mineral industry,145835603
2011,Other activities,900566.9
2011,Paper and wood production and processing,30274196.9
2011,Production and processing of metals,115192387.7
2011,Waste and wastewater management,72336103.4
2012,Animal and vegetable products from the food and beverage sector,6672782.8
2012,Chemical industry,85612373.10000001
2012,Energy sector,859120923.64
2012,Intensive livestock production and aquaculture,4866493.100000001
2012,Mineral industry,138002047.9
2012,Other activities,868086.3
2012,Paper and wood production and processing,33188393.6
2012,Production and processing of metals,111606925.60000001
2012,Waste and wastewater management,76016256.6
2013,Animal and vegetable products from the food and beverage sector,5601149.6
2013,Chemical industry,90067214.9
2013,Energy sector,792277626.54
2013,Intensive livestock production and aquaculture,5855090.4
2013,Mineral industry,135178848.8
2013,Other activities,1228583.6
2013,Paper and wood production and processing,32370979.7
2013,Production and processing of metals,113047609.7
2013,Waste and wastewater management,67547698.2
2014,Animal and vegetable products from the food and beverage sector,5889141.7
2014,Chemical industry,88177169.2
2014,Energy sector,749188025.3
2014,Intensive livestock production and aquaculture,6063984.7
2014,Mineral industry,139227310.46
2014,Other activities,763323.4
2014,Paper and wood production and processing,31794330.2
2014,Production and processing of metals,116488563.5
2014,Waste and wastewater management,64716771.5
2015,Animal and vegetable products from the food and beverage sector,5693165.8
2015,Chemical industry,89772814.3
2015,Energy sector,724264411.08
2015,Intensive livestock production and aquaculture,6424481.100000001
2015,Mineral industry,135622770.5
2015,Other activities,667546.8
2015,Paper and wood production and processing,32715157.8
2015,Production and processing of metals,109730664.6
2015,Waste and wastewater management,66580208.25
2016,Animal and vegetable products from the food and beverage sector,4996696.6
2016,Chemical industry,85633766.72
2016,Energy sector,728488559.79
2016,Intensive livestock production and aquaculture,5638931.4
2016,Mineral industry,138415084.7
2016,Other activities,897244.62
2016,Paper and wood production and processing,33709897.5
2016,Production and processing of metals,110017593.60000001
2016,Waste and wastewater management,65486836.800003104
2017,Animal and vegetable products from the food and beverage sector,7115446.4
2017,Chemical industry,87917692.88
2017,Energy sector,711714458.279
2017,Intensive livestock production and aquaculture,4245200.7
2017,Mineral industry,140473275.6
2017,Other activities,1181303.2
2017,Paper and wood production and processing,32897516
2017,Production and processing of metals,101053936.10000001
2017,Waste and wastewater management,67302211.3
2018,Animal and vegetable products from the food and beverage sector,6780859.7604
2018,Chemical industry,90602078.2446
2018,Energy sector,768927580.0641752
2018,Intensive livestock production and aquaculture,5503917.241647
2018,Mineral industry,138344166.874412
2018,Other activities,967615.92
2018,Paper and wood production and processing,31813073.0106
2018,Production and processing of metals,113801743.6437
2018,Waste and wastewater management,60958104.05614534
2019,Animal and vegetable products from the food and beverage sector,5654333.4385
2019,Chemical industry,73166976.31702
2019,Energy sector,620448622.6229788
2019,Intensive livestock production and aquaculture,1378296.58452
2019,Mineral industry,125526525.9944
2019,Other activities,1897869.0790000001
2019,Paper and wood production and processing,31722800.608
2019,Production and processing of metals,105773761.5213
2019,Waste and wastewater management,58234076.79399466
2020,Animal and vegetable products from the food and beverage sector,6623103.469112
2020,Chemical industry,64250686.2262496
2020,Energy sector,492802078.0071739
2020,Intensive livestock production and aquaculture,1265538.68016
2020,Mineral industry,110131623.88354
2020,Other activities,1161910.922
2020,Paper and wood production and processing,29688378.647
2020,Production and processing of metals,82519214.1021
2020,Waste and wastewater management,51462269.39414624
2021,Animal and vegetable products from the food and beverage sector,8018820.978
2021,Chemical industry,64259437.1317504
2021,Energy sector,516800486.5028163
2021,Intensive livestock production and aquaculture,1282616.63784
2021,Mineral industry,116704704.79392
2021,Other activities,1226563.378
2021,Paper and wood production and processing,31489761.072
2021,Production and processing of metals,93951412.3096
2021,Waste and wastewater management,52060407.477371044
2022,Animal and vegetable products from the food and beverage sector,7078417.919600001
2022,Chemical industry,56230186.328649595
2022,Energy sector,538500193.1522809
2022,Intensive livestock production and aquaculture,931617.1672799999
2022,Mineral industry,110516314.2859
2022,Other activities,1055399.7092
2022,Paper and wood production and processing,28761486.6171
2022,Production and processing of metals,83835502.6106
2022,Waste and wastewater management,55601893.42272686
2023,Animal and vegetable products from the food and beverage sector,6885016.1719
2023,Chemical industry,42491970.6590504
2023,Energy sector,403518470.4675001
2023,Intensive livestock production and aquaculture,674265.7819599999
2023,Mineral industry,95526006.663514
2023,Other activities,1688105.411
2023,Paper and wood production and processing,25608567.69706
2023,Production and processing of metals,61166668.549
2023,Waste and wastewater management,57498965.831409104
2024,Animal and vegetable products from the food and beverage sector,7260814.602452
2024,Chemical industry,39149069.0972
2024,Energy sector,312972439.8816574
2024,Intensive livestock production and aquaculture,1120848.0318399998
2024,Mineral industry,79981718.2935
2024,Other activities,647087.602
2024,Paper and wood production and processing,26261769.29253
2024,Production and processing of metals,50288209.764
2024,Waste and wastewater management,37099809.67799542
