year,country,emissions,n_facilities
2007,Austria,33888272.2,86
2007,Belgium,54518395.6,96
2007,Bulgaria,32882466,76
2007,Croatia,0,15
2007,Cyprus,1748607.2,9
2007,Czechia,513253.3,86
2007,Denmark,13210204,100
2007,Estonia,14027334.4,21
2007,Finland,2549470.9,137
2007,France,138803469.22,546
2007,Germany,156525949.8,659
2007,Greece,70929134.2,57
2007,Hungary,23806160,56
2007,Iceland,1115008,14
2007,Ireland,19527825,114
2007,Italy,210887331.5,467
2007,Latvia,234995.9,9
2007,Lithuania,8079432,12
2007,Luxembourg,2207825.6,11
2007,Malta,115083.2,4
2007,Netherlands,68274179.7,157
2007,Norway,23836053.6,71
2007,Poland,213277491.6,260
2007,Portugal,29446226.6,104
2007,Romania,53051581.3,146
2007,Slovakia,20178120.4,46
2007,Slovenia,6746646.4,37
2007,Spain,157599159.5,448
2007,Sweden,13914741.9,130
2007,Switzerland,7555353.2,64
2007,United Kingdom,184434418.4,593
2008,Austria,35828652.2,86
2008,Belgium,55290165.1,96
2008,Bulgaria,32724558.8,76
2008,Croatia,0,15
2008,Cyprus,1641957.5,9
2008,Czechia,371476.6,86
2008,Denmark,13242530.2,100
2008,Estonia,12297774.1,21
2008,Finland,2429004.3,137
2008,France,131798820.8,546
2008,Germany,156446394.6,659
2008,Greece,68461498.6,57
2008,Hungary,24216226.8,56
2008,Iceland,1680213.8,14
2008,Ireland,19408258.6,114
2008,Italy,204906149.1,467
2008,Latvia,231067.7,9
2008,Lithuania,7933183.6,12
2008,Luxembourg,2152504,11
2008,Malta,2171944,4
2008,Netherlands,71173428.4,157
2008,Norway,24082474.6,71
2008,Poland,205843515.4,260
2008,Portugal,28838541.7,104
2008,Romania,51778818.3,146
2008,Slovakia,24164753.6,46
2008,Slovenia,7485552.6,37
2008,Spain,149069342.6,448
2008,Sweden,18564366.7,130
2008,Switzerland,8220933.8,64
2008,United Kingdom,167054238.7,593
2009,Austria,31156411.7,86
2009,Belgium,49617957.94,96
2009,Bulgaria,27051524.8,76
2009,Croatia,0,15
2009,Cyprus,1505611.4,9
2009,Czechia,381295.5,86
2009,Denmark,13057633.9,100
2009,Estonia,9470236.2,21
2009,Finland,32401549.5,137
2009,France,109906078.67999999,546
2009,Germany,215963390.5429,659
2009,Greece,62655491.1,57
2009,Hungary,21040300.3,56
2009,Iceland,1710705.4,14
2009,Ireland,16644978.2,114
2009,Italy,173350587.66,467
2009,Latvia,366357.9,9
2009,Lithuania,5590539.6,12
2009,Luxembourg,2259416,11
2009,Malta,2084952,4
2009,Netherlands,64691433.4,157
2009,Norway,21969192.7,71
2009,Poland,193769281,260
2009,Portugal,31655058.6,104
2009,Romania,42017914.6,146
2009,Slovakia,21338414.4,46
2009,Slovenia,2057124.6,37
2009,Spain,126689052.2,448
2009,Sweden,15702159.2,130
2009,Switzerland,8435834,64
2009,United Kingdom,151707886.9,593
2010,Austria,34710656.6,86
2010,Belgium,56012697.4,96
2010,Bulgaria,30034274.4,76
2010,Croatia,0,15
2010,Cyprus,1093542.8,9
2010,Czechia,65983994.1,86
2010,Denmark,13070251.5,100
2010,Estonia,13541905.6,21
2010,Finland,40676523.7,137
2010,France,127391979.4,546
2010,Germany,220737284.3,659
2010,Greece,60143716.5,57
2010,Hungary,19919427,56
2010,Iceland,1856549.4,14
2010,Ireland,16912163.9,114
2010,Italy,180481068.88,467
2010,Latvia,872074.8,9
2010,Lithuania,7051798.4,12
2010,Luxembourg,2341198.4,11
2010,Malta,2098320,4
2010,Netherlands,67802980.1,157
2010,Norway,22694421.8,71
2010,Poland,202597909.7,260
2010,Portugal,29509624.1,104
2010,Romania,42629227.1,146
2010,Slovakia,20300651.2,46
2010,Slovenia,1961206.3,37
2010,Spain,116238718,448
2010,Sweden,21954071.8,130
2010,Switzerland,8397335.4,64
2010,United Kingdom,161824349.8,593
2011,Austria,34519541.1,86
2011,Belgium,51686604.3,96
2011,Bulgaria,36400993.1,76
2011,Croatia,0,15
2011,Cyprus,1360655.9,9
2011,Czechia,66351602.1,86
2011,Denmark,11526257.299999999,100
2011,Estonia,13793131.2,21
2011,Finland,32525673.2,137
2011,France,116954674.58,546
2011,Germany,220126593,659
2011,Greece,58215320.2,57
2011,Hungary,21340067.5,56
2011,Iceland,3182475.2,14
2011,Ireland,15314478.6,114
2011,Italy,179848311.68,467
2011,Latvia,1304774.5,9
2011,Lithuania,5043884.4,12
2011,Luxembourg,2176126.4,11
2011,Malta,2031744,4
2011,Netherlands,59736975.4,157
2011,Norway,22685478.4,71
2011,Poland,210923175.2,260
2011,Portugal,31107870.6,104
2011,Romania,46405330.9,146
2011,Slovakia,21556349.8,46
2011,Slovenia,2018921.5999999999,37
2011,Spain,125483556.9,448
2011,Sweden,19773092.7,130
2011,Switzerland,7948036.6,64
2011,United Kingdom,218978085.2,593
2012,Austria,34105817.8,86
2012,Belgium,48974330.8,96
2012,Bulgaria,33454620.6,76
2012,Croatia,0,15
2012,Cyprus,1391355.6,9
2012,Czechia,63404637.4,86
2012,Denmark,10243493.2,100
2012,Estonia,12318174.4,21
2012,Finland,27483069.2,137
2012,France,114777956.8,546
2012,Germany,235677003.8,659
2012,Greece,61332718.3,57
2012,Hungary,19668641.3,56
2012,Iceland,1709520,14
2012,Ireland,16439007.6,114
2012,Italy,170456497,467
2012,Latvia,1911702.7,9
2012,Lithuania,3585421.2,12
2012,Luxembourg,2171774.4,11
2012,Malta,2156176,4
2012,Netherlands,60000727.5,157
2012,Norway,22718447.4,71
2012,Poland,210801274.6,260
2012,Portugal,31477391.9,104
2012,Romania,42440335.5,146
2012,Slovakia,20017137,46
2012,Slovenia,2010315.8,37
2012,Spain,131823743.08,448
2012,Sweden,18761390.4,130
2012,Switzerland,7477253.6,64
2012,United Kingdom,223937721.96,593
2013,Austria,32912093.1,86
2013,Belgium,47740156.3,96
2013,Bulgaria,28936789.3,76
2013,Croatia,0,15
2013,Cyprus,4031801,9
2013,Czechia,58804757.1,86
2013,Denmark,12591342.2,100
2013,Estonia,14765329.6,21
2013,Finland,30167991,137
2013,France,121165087.1,546
2013,Germany,240145704.6,659
2013,Greece,57465109,57
2013,Hungary,17691162.7,56
2013,Iceland,1782273.6,14
2013,Ireland,15166032.1,114
2013,Italy,148289450.74,467
2013,Latvia,2001804.8,9
2013,Lithuania,3085845.2,12
2013,Luxembourg,1663502.4,11
2013,Malta,109452.8,4
2013,Netherlands,67066083.2,157
2013,Norway,23351570.4,71
2013,Poland,202285835,260
2013,Portugal,30143868.7,104
2013,Romania,34198450.6,146
2013,Slovakia,19894232.8,46
2013,Slovenia,2182535,37
2013,Spain,111918954.7,448
2013,Sweden,17923126.1,130
2013,Switzerland,7836389.4,64
2013,United Kingdom,188085860.8,593
2014,Austria,31140098.2,86
2014,Belgium,45597677.6,96
2014,Bulgaria,31121205.7,76
2014,Croatia,5974789,15
2014,Cyprus,4473532.9,9
2014,Czechia,59380787.2,86
2014,Denmark,9934404.7,100
2014,Estonia,14445214.4,21
2014,Finland,26767720.9,137
2014,France,109510776.04,546
2014,Germany,216647462.7,659
2014,Greece,54554185.4,57
2014,Hungary,18091486.5,56
2014,Iceland,1808713.6,14
2014,Ireland,15180002.299999999,114
2014,Italy,133569789.34,467
2014,Latvia,1856962.6,9
2014,Lithuania,6272026,12
2014,Luxembourg,1801280,11
2014,Malta,115545.6,4
2014,Netherlands,68558829.6,157
2014,Norway,23945360.5,71
2014,Poland,219413877.3,260
2014,Portugal,28119444.3,104
2014,Romania,34462422.2,146
2014,Slovakia,18834769.6,46
2014,Slovenia,2099777.2,37
2014,Spain,113153920.06,448
2014,Sweden,17504888.1,130
2014,Switzerland,7895517.4,64
2014,United Kingdom,161647356.26,593
2015,Austria,33012764.1,86
2015,Belgium,47785828.8,96
2015,Bulgaria,32735555.4,76
2015,Croatia,6185920,15
2015,Cyprus,4386988.4,9
2015,Czechia,60062884.9,86
2015,Denmark,7900400.7,100
2015,Estonia,2463891.2,21
2015,Finland,24282422.8,137
2015,France,109442792.1,546
2015,Germany,235720870.4,659
2015,Greece,48544879.4,57
2015,Hungary,18560878.8,56
2015,Iceland,1433112,14
2015,Ireland,16011248.6,114
2015,Italy,126129605.4,467
2015,Latvia,1852064.5,9
2015,Lithuania,8186183.6,12
2015,Luxembourg,1580936,11
2015,Malta,119462.4,4
2015,Netherlands,62727298.4,157
2015,Norway,23888849.2,71
2015,Poland,198477072.9,260
2015,Portugal,31447110.1,104
2015,Romania,34447836.1,146
2015,Slovakia,19313992,46
2015,Slovenia,1935396.4,37
2015,Spain,128579269.1,448
2015,Sweden,17267955.5,130
2015,Switzerland,7183003.2,64
2015,United Kingdom,142967587.18,593
2016,Austria,32129472.8,86
2016,Belgium,46130669,96
2016,Bulgaria,27110520.4,76
2016,Croatia,5892191,15
2016,Cyprus,4662449.2,9
2016,Czechia,63282959.8,86
2016,Denmark,7513110.8,100
2016,Estonia,13067175.8,21
2016,Finland,25242641.3,137
2016,France,112880917.6,546
2016,Germany,230447022.5,659
2016,Greece,44960980.2,57
2016,Hungary,17327002.5,56
2016,Iceland,1367372.8,14
2016,Ireland,15850013.72,114
2016,Italy,139332594.98,467
2016,Latvia,1751527.7,9
2016,Lithuania,5559843.4,12
2016,Luxembourg,1417696,11
2016,Malta,120577.6,4
2016,Netherlands,76523144.5,157
2016,Norway,23166664.5,71
2016,Poland,195935265,260
2016,Portugal,30339299.7,104
2016,Romania,32506515.9,146
2016,Slovakia,19728067.2,46
2016,Slovenia,1772204.5,37
2016,Spain,114687611.8,448
2016,Sweden,17551197.8,130
2016,Switzerland,7481924.6,64
2016,United Kingdom,129387208.52,593
2017,Austria,23144052.2,86
2017,Belgium,45337021,96
2017,Bulgaria,31484259,76
2017,Croatia,6380490.2,15
2017,Cyprus,4662476.3,9
2017,Czechia,60612117.9,86
2017,Denmark,7711479.7,100
2017,Estonia,14233517.6,21
2017,Finland,23959105.2,137
2017,France,118540471.7,546
2017,Germany,192315416.1,659
2017,Greece,47901753.6,57
2017,Hungary,17821678.5,56
2017,Iceland,1520400,14
2017,Ireland,16174315,114
2017,Italy,136643941.68,467
2017,Latvia,1628046,9
2017,Lithuania,5591653.6,12
2017,Luxembourg,1439737.6,11
2017,Malta,124113.6,4
2017,Netherlands,75980116.6,157
2017,Norway,23297361.5,71
2017,Poland,190665534.7,260
2017,Portugal,34827237.9,104
2017,Romania,32921660.7,146
2017,Slovakia,20386929.6,46
2017,Slovenia,2098290.7,37
2017,Spain,125718480.2,448
2017,Sweden,17641488.1,130
2017,Switzerland,7708426.4,64
2017,United Kingdom,125409442.38,593
2018,Austria,31074540.8,86
2018,Belgium,44377171.9,96
2018,Bulgaria,31181201.669839,76
2018,Croatia,6602100.4,15
2018,Cyprus,4581572.5,9
2018,Czechia,63516756.16993588,86
2018,Denmark,9026431.64673634,100
2018,Estonia,13721426,21
2018,Finland,25974264,137
2018,France,102433855.12,546
2018,Germany,237830053.3,659
2018,Greece,51594482.699999996,57
2018,Hungary,20121163.1,56
2018,Iceland,1468698.373,14
2018,Ireland,15285033.93652732,114
2018,Italy,127991780.40176,467
2018,Latvia,2039922.7,9
2018,Lithuania,4218167,12
2018,Luxembourg,1238872,11
2018,Malta,126180.8,4
2018,Netherlands,72338187.8,157
2018,Norway,0,71
2018,Poland,199027193,260
2018,Portugal,32128051.4,104
2018,Romania,31522976.7,146
2018,Slovakia,20613036.8,46
2018,Slovenia,2053936.6448000001,37
2018,Spain,117340282.3,448
2018,Sweden,17626793.2,130
2018,Switzerland,8483319.1191,64
2018,United Kingdom,116953103.82,593
2019,Austria,33675103.6,86
2019,Belgium,45596556.8,96
2019,Bulgaria,27865960.077,76
2019,Croatia,6506672,15
2019,Cyprus,4474963.6,9
2019,Czechia,59788551.3468453,86
2019,Denmark,8953321.98180216,100
2019,Estonia,8086677.2,21
2019,Finland,27028821.8,137
2019,France,93936367.308,546
2019,Germany,190483986,659
2019,Greece,39006171.4,57
2019,Hungary,18881619.5,56
2019,Iceland,842726.6399999999,14
2019,Ireland,13897345.20987308,114
2019,Italy,122386213.16184,467
2019,Latvia,2033615.8,9
2019,Lithuania,5765000,12
2019,Luxembourg,1466259.2,11
2019,Malta,129036.8,4
2019,Netherlands,14540450.5,157
2019,Norway,0,71
2019,Poland,187221580.8,260
2019,Portugal,27924894.9,104
2019,Romania,28061910.8,146
2019,Slovakia,17990486.4,46
2019,Slovenia,1916494.4494,37
2019,Spain,95903018.28,448
2019,Sweden,16458832.6,130
2019,Switzerland,8483526.6785,64
2019,United Kingdom,119400065.8,593
2020,Austria,31687837,86
2020,Belgium,41911185.6,96
2020,Bulgaria,21160715.1138,76
2020,Croatia,6424621,15
2020,Cyprus,4318546.3,9
2020,Czechia,48970886.67089134,86
2020,Denmark,8571430.04089964,100
2020,Estonia,5280030.8,21
2020,Finland,19435393.1,137
2020,France,85459296.15594961,546
2020,Germany,170545077.4,659
2020,Greece,30629967.19,57
2020,Hungary,19417928.8,56
2020,Iceland,863942.224,14
2020,Ireland,12931117.528875142,114
2020,Italy,109717253.52444,467
2020,Latvia,1626888.2,9
2020,Lithuania,5933000,12
2020,Luxembourg,1297419.2,11
2020,Malta,131212.8,4
2020,Netherlands,15836823.5,157
2020,Norway,0,71
2020,Poland,162961411.7,260
2020,Portugal,25510319,104
2020,Romania,24388514.3,146
2020,Slovakia,15934526.4,46
2020,Slovenia,1790674.603,37
2020,Spain,81622158,448
2020,Sweden,14452577.9,130
2020,Switzerland,7858794.5581,64
2020,United Kingdom,0,593
2021,Austria,33212951.6,86
2021,Belgium,40948215,96
2021,Bulgaria,27340648.1014,76
2021,Croatia,6220953.8,15
2021,Cyprus,4338958,9
2021,Czechia,54655589.957706906,86
2021,Denmark,10494501.977709785,100
2021,Estonia,6472656.8,21
2021,Finland,19309764.9,137
2021,France,91075257.1240504,546
2021,Germany,178284019.7,659
2021,Greece,31981713.3,57
2021,Hungary,16787239.6,56
2021,Iceland,890762.4602,14
2021,Ireland,14883098.527025416,114
2021,Italy,115895109.48204,467
2021,Latvia,1674901.1,9
2021,Lithuania,5676000,12
2021,Luxembourg,1271867.2,11
2021,Malta,129417.6,4
2021,Netherlands,15094706.4,157
2021,Norway,0,71
2021,Poland,195182643.5,260
2021,Portugal,23384889.2,104
2021,Romania,24350715.9,146
2021,Slovakia,18547484.8,46
2021,Slovenia,1626511.4674,37
2021,Spain,69092550.82,448
2021,Sweden,16012241.8,130
2021,Switzerland,7719901.9122,64
2021,United Kingdom,0,593
2022,Austria,31717900.7,86
2022,Belgium,40456358.9,96
2022,Bulgaria,32532977.6196,76
2022,Croatia,5961381.9,15
2022,Cyprus,4370155.9,9
2022,Czechia,53636841.58441249,86
2022,Denmark,9656068.306506883,100
2022,Estonia,8135809.7,21
2022,Finland,18230723.8,137
2022,France,93852341.9839496,546
2022,Germany,169038965.27134,659
2022,Greece,30469899.051,57
2022,Hungary,15262605.804,56
2022,Iceland,901082.9495999999,14
2022,Ireland,14378649.91459839,114
2022,Italy,121322534.1689,467
2022,Latvia,1427412.9,9
2022,Lithuania,5676000,12
2022,Luxembourg,834105.6,11
2022,Malta,129227.2,4
2022,Netherlands,13228697.6,157
2022,Norway,0,71
2022,Poland,190236905.5,260
2022,Portugal,23887512.9,104
2022,Romania,20899116,146
2022,Slovakia,15815637.8,46
2022,Slovenia,1613889.3684,37
2022,Spain,79079307.5,448
2022,Sweden,15424703.7,130
2022,Switzerland,7426538.5338,64
2022,United Kingdom,0,593
2023,Austria,29588698.2,86
2023,Belgium,35098873.1,96
2023,Bulgaria,20054980.02136,76
2023,Croatia,5997787.3,15
2023,Cyprus,4350712.909,9
2023,Czechia,0,86
2023,Denmark,9776617.706220996,100
2023,Estonia,5053584.6,21
2023,Finland,14750956.3,137
2023,France,74804490.1600504,546
2023,Germany,126534219.342214,659
2023,Greece,24590970.580000002,57
2023,Hungary,12374056.1488,56
2023,Iceland,0,14
2023,Ireland,11797708.13794282,114
2023,Italy,97390058.6002,467
2023,Latvia,1469214.5,9
2023,Lithuania,0,12
2023,Luxembourg,607289.6,11
2023,Malta,0,4
2023,Netherlands,12059556.4,157
2023,Norway,0,71
2023,Poland,157410266.6,260
2023,Portugal,19752779.1,104
2023,Romania,16274308.2,146
2023,Slovakia,0,46
2023,Slovenia,4258354.01,37
2023,Spain,72367571.9,448
2023,Sweden,14926555.53706,130
2023,Switzerland,0,64
2023,United Kingdom,0,593
2024,Austria,28845444.2,86
2024,Belgium,34998603.9,96
2024,Bulgaria,0,76
2024,Croatia,4815551.7,15
2024,Cyprus,0,9
2024,Czechia,0,86
2024,Denmark,13593407.603561897,100
2024,Estonia,4282264.4,21
2024,Finland,21927300.1,137
2024,France,71446349,546
2024,Germany,106284449.98001,659
2024,Greece,23456494.87,57
2024,Hungary,12133420.563252,56
2024,Iceland,0,14
2024,Ireland,10765029.92518283,114
2024,Italy,0,467
2024,Latvia,0,9
2024,Lithuania,0,12
2024,Luxembourg,417004.8,11
2024,Malta,0,4
2024,Netherlands,12172593.4,157
2024,Norway,0,71
2024,Poland,155118138.3,260
2024,Portugal,17606151,104
2024,Romania,15048659,146
2024,Slovakia,0,46
2024,Slovenia,4318317.8902,37
2024,Spain,66155229.1,448
2024,Sweden,14210351.00732,130
2024,Switzerland,0,64
2024,United Kingdom,0,593
