year,sector_bucket,emissions,n_facilities
2007,Other,117122250.02,192
2007,1(a),125322258.5,103
2007,1(c),868648170.8,786
2007,2(b),94363276.2,46
2007,2(e)(i),10652730,40
2007,3(a),31664116.8,88
2007,3(c),48275070.1,85
2007,3(c)(i),82780930.8,109
2007,3(c)(iii),10687469.5,35
2007,3(e),6425590.4,44
2007,4(a),19620282.2,24
2007,4(a)(ii),13194390.7,23
2007,4(c),32592899.6,30
2007,5(a),3159940.6,23
2007,5(b),20675339.6,106
2007,5(c),4783467.4,40
2007,5(d),38195329.6,761
2007,5(f),1297838.5,67
2007,6(a),7386772.8,50
2007,6(b),12164900.6,54
2007,7(a),97010.5,24
2007,7(a)(i),83037.4,14
2007,7(a)(ii),339787.8,51
2007,7(a)(iii),117361.7,25
2007,8(b)(ii),4718856.7,26
2007,NA,9515111.799999999,35
2008,Other,119632120.2,215
2008,1(a),130835388.5,108
2008,1(c),839045763.1,823
2008,2(b),90533085.4,47
2008,2(e)(i),11467315,41
2008,3(a),32497856,96
2008,3(c),46974464.9,87
2008,3(c)(i),77950549.1,110
2008,3(c)(iii),10229894.1,36
2008,3(e),6443467.2,44
2008,4(a),18137891.9,25
2008,4(a)(ii),13960127.3,22
2008,4(c),26788153.4,32
2008,5(a),3558730.4,24
2008,5(b),24229574.7,127
2008,5(c),4332527.9,44
2008,5(d),36842525.6,831
2008,5(f),1378347.9,77
2008,6(a),8030829.5,48
2008,6(b),11818262.2,55
2008,7(a),93882.5,24
2008,7(a)(i),213631.8,27
2008,7(a)(ii),389212.5,64
2008,7(a)(iii),115273.59999999999,25
2008,8(b)(ii),5237381.5,30
2008,NA,8772090.6,35
2009,Other,98551999.2,199
2009,1(a),124836708.3,108
2009,1(c),836614932.72,874
2009,2(b),62715008.1,43
2009,2(e)(i),8328225.06,38
2009,3(a),32930395.2,97
2009,3(c),40293000.8,89
2009,3(c)(i),63506440.8,116
2009,3(c)(iii),6941963.5,27
2009,3(e),5101088,39
2009,4(a),15838254.7,25
2009,4(a)(ii),23272754,24
2009,4(c),19453784.9,32
2009,5(a),3757027.9429,34
2009,5(b),31460899.3,152
2009,5(c),5043307,50
2009,5(d),36221811.2,875
2009,5(f),1235399.1,78
2009,6(a),10969504.6,64
2009,6(b),14971536.5,75
2009,7(a),117706.09999999999,27
2009,7(a)(i),169467.69999999998,28
2009,7(a)(ii),390882.6,66
2009,7(a)(iii),128846.4,27
2009,8(b)(ii),5391496.7,31
2009,NA,8005929.5,38
2010,Other,122058991.18,236
2010,1(a),125376774.4,112
2010,1(c),912755804.7,954
2010,2(b),89164699.2,51
2010,2(e)(i),10701505,44
2010,3(a),31770992,104
2010,3(c),41342491.4,89
2010,3(c)(i),68770743.9,128
2010,3(c)(iii),9407481.6,35
2010,3(e),6252064.4,44
2010,4(a),16859023.8,28
2010,4(a)(ii),17635695.9,25
2010,4(c),18179870,33
2010,5(a),4396125.1,36
2010,5(b),32797075.4,165
2010,5(c),5384396.4,53
2010,5(d),33396676,902
2010,5(f),1256981.2,83
2010,6(a),13967616.6,66
2010,6(b),16407299.8,78
2010,7(a),127429.8,32
2010,7(a)(i),355739.9,31
2010,7(a)(ii),346718.39999999997,72
2010,7(a)(iii),123406.4,25
2010,8(b)(ii),5624196.7,31
2010,NA,6380123.2,38
2011,Other,122953515.08,242
2011,1(a),125609079.3,114
2011,1(c),962296590.48,960
2011,2(b),79259778.3,53
2011,2(e)(i),13010250,44
2011,3(a),31324820.8,109
2011,3(c),44395530.4,92
2011,3(c)(i),69484554.5,136
2011,3(c)(iii),10033000,36
2011,3(e),6647148.4,47
2011,4(a),16229595.1,28
2011,4(a)(ii),9606600.1,25
2011,4(c),16467221.1,32
2011,5(a),4454368.5,35
2011,5(b),35214193.3,176
2011,5(c),13992899.1,58
2011,5(d),33447401.5,927
2011,5(f),1028215.7999999999,84
2011,6(a),14472561.9,66
2011,6(b),17691615,86
2011,7(a),136599.6,33
2011,7(a)(i),187938.6,29
2011,7(a)(ii),396052.6,75
2011,7(a)(iii),133062.4,28
2011,8(b)(ii),5681978.2,30
2011,NA,6165211.5,41
2012,Other,119830038.1,246
2012,1(a),120221424.6,108
2012,1(c),967262189.34,957
2012,2(b),77405775,52
2012,2(e)(i),10929165.2,43
2012,3(a),31439377.6,103
2012,3(c),40722002.7,95
2012,3(c)(i),65391336.6,130
2012,3(c)(iii),10087000,37
2012,3(e),5613736.8,41
2012,4(a),14873167.299999999,29
2012,4(a)(ii),9185428.4,25
2012,4(c),16605344.5,33
2012,5(a),5480075.5,39
2012,5(b),40098268.8,186
2012,5(c),15517453.4,58
2012,5(d),32841578.9,915
2012,5(f),1230344.3,83
2012,6(a),18200774.1,68
2012,6(b),16498619.5,85
2012,7(a),146180.3,36
2012,7(a)(i),192958.6,28
2012,7(a)(ii),413950.5,76
2012,7(a)(iii),142256,30
2012,8(b)(ii),5377764.8,30
2012,NA,7021446,41
2013,Other,126992964.4,245
2013,1(a),111368746.1,106
2013,1(c),896250380.74,922
2013,2(b),76827459.6,50
2013,2(e)(i),11044064.4,43
2013,3(a),31497300.8,105
2013,3(c),38491081.4,88
2013,3(c)(i),65568366,124
2013,3(c)(iii),9844892.7,34
2013,3(e),5645157.3,42
2013,4(a),12433922.9,27
2013,4(a)(ii),9465514.4,25
2013,4(c),20272510.6,32
2013,5(a),5622981.6,41
2013,5(b),42615988.1,204
2013,5(c),4247883.1,48
2013,5(d),27480616.4,918
2013,5(f),1205181.8,93
2013,6(a),17592182.7,66
2013,6(b),15782297,80
2013,7(a),427115.1,50
2013,7(a)(i),272757.3,34
2013,7(a)(ii),403631.7,77
2013,7(a)(iii),127187.2,26
2013,8(b)(ii),5273509.7,31
2013,NA,6648898.3,38
2014,Other,120300334.9,238
2014,1(a),111277496.9,106
2014,1(c),836405888.5,874
2014,2(b),77995219.4,47
2014,2(e)(i),11729266,44
2014,3(a),30391945.6,103
2014,3(c),39001013.8,84
2014,3(c)(i),71237840.56,127
2014,3(c)(iii),9784000,34
2014,3(e),6066640.6,44
2014,4(a),10751254,25
2014,4(a)(ii),9233549.6,23
2014,4(c),23867173.2,33
2014,5(a),4931723,37
2014,5(b),45487901.3,211
2014,5(c),2155375.8,49
2014,5(d),26242381.6,922
2014,5(f),1135342.6,85
2014,6(a),16987815.5,66
2014,6(b),16626514.7,86
2014,7(a),427592.1,51
2014,7(a)(i),212466.8,25
2014,7(a)(ii),402963.5,86
2014,7(a)(iii),151558.4,33
2014,8(b)(ii),5280286.8,30
2014,NA,5796278.04,34
2015,Other,116318116.1,216
2015,1(a),106638502.6,106
2015,1(c),819993764.58,863
2015,2(b),75078915.4,45
2015,2(e)(i),10652124.5,42
2015,3(a),30424284.8,94
2015,3(c),35278352.9,76
2015,3(c)(i),70296714.1,128
2015,3(c)(iii),9334528,33
2015,3(e),6407408,44
2015,4(a),10950095.7,23
2015,4(a)(ii),9707524,27
2015,4(c),23401388.3,31
2015,5(a),4614195.2,38
2015,5(b),48788592.1,219
2015,5(c),4387808.600000001,54
2015,5(d),25019939.2,889
2015,5(f),1120651,87
2015,6(a),17925110.6,68
2015,6(b),16281948,83
2015,7(a),308407.2,43
2015,7(a)(i),226882.5,24
2015,7(a)(ii),409438.6,87
2015,7(a)(iii),144486.4,31
2015,8(b)(ii),4871216.4,28
2015,NA,6053664.8,33
2016,Other,115666821.54,218
2016,1(a),113508263.8,103
2016,1(c),810247408.08,878
2016,2(b),73179595.4,43
2016,2(e)(i),11312052.3,43
2016,3(a),28378246.4,92
2016,3(c),37810006,83
2016,3(c)(i),70088620.6,126
2016,3(c)(iii),9644000,36
2016,3(e),7212788.8,45
2016,4(a),11624785.7,24
2016,4(a)(ii),9302853.6,23
2016,4(c),18383476.3,30
2016,5(a),4662732.3,38
2016,5(b),50119330.5,222
2016,5(c),4531960.7,50
2016,5(d),22889374.4,857
2016,5(f),1189398,90
2016,6(a),18300195.7,68
2016,6(b),15696216.7,85
2016,7(a),389580.2,44
2016,7(a)(i),193789.4,19
2016,7(a)(ii),414987.6,92
2016,7(a)(iii),158576,36
2016,8(b)(ii),4441008.5,26
2016,NA,5779774.600000001,33
2017,Other,118523230.17999999,234
2017,1(a),115581350.2,101
2017,1(c),788116318.98,879
2017,2(b),56946790.9,43
2017,2(e)(i),11131815.9,42
2017,3(a),27642093.7,86
2017,3(c),40080830.9,84
2017,3(c)(i),70221521.2,124
2017,3(c)(iii),9298000,36
2017,3(e),6234000,41
2017,4(a),11495947,24
2017,4(a)(ii),10217297.5,24
2017,4(c),18500282.5,30
2017,5(a),4532752.8,37
2017,5(b),49256344.7,224
2017,5(c),6395475.5,50
2017,5(d),22607502.4,846
2017,5(f),1001201.9,66
2017,6(a),19636060.8,67
2017,6(b),14238223.5,78
2017,7(a),434927.89999999997,52
2017,7(a)(i),201109.7,24
2017,7(a)(ii),444050.5,103
2017,7(a)(iii),167824,38
2017,8(b)(ii),4645203.5,29
2017,NA,6330859.1,29
2018,Other,120642604.318,270
2018,1(a),121531642.7326,100
2018,1(c),778346454.7984751,869
2018,2(b),79152786.6825,48
2018,2(e)(i),6917055.085,26
2018,3(a),16868379.85362,60
2018,3(c),37572933.495,76
2018,3(c)(i),73069302.614,115
2018,3(c)(iii),9708088.516,37
2018,3(e),6172520.1,44
2018,4(a),11114992.319,23
2018,4(a)(ii),9411992.5,26
2018,4(c),14836795.838,26
2018,5(a),4326615.731,35
2018,5(b),47185666.1443,207
2018,5(c),4773984.43612,45
2018,5(d),21331359.99286434,814
2018,5(f),896945.1359999999,56
2018,6(a),14699378.568,59
2018,6(b),18457830.865,79
2018,7(a),357985.0752,44
2018,7(a)(i),226331.77899999998,23
2018,7(a)(ii),4364342.984339,96
2018,7(a)(iii),161321.34768,36
2018,8(b)(ii),5337686.485,33
2018,NA,5025557.905,33
2019,Other,103289152.07542,255
2019,1(a),110958284.7257,100
2019,1(c),649155426.0173588,860
2019,2(b),78868863.5957,46
2019,2(e)(i),4941675.708,20
2019,3(a),15329306.9054,58
2019,3(c),37707077.59,75
2019,3(c)(i),65496583.178,112
2019,3(c)(iii),8852079.061,35
2019,3(e),5580902,38
2019,4(a),10559957.5135,23
2019,4(a)(ii),8026261.1,24
2019,4(c),14216421.82,26
2019,5(a),3676751.895,29
2019,5(b),46576812.21045,205
2019,5(c),5704685.18724,51
2019,5(d),19262282.12277176,775
2019,5(f),780395.076,62
2019,6(a),14434833.402,60
2019,6(b),18307967.206,77
2019,7(a),176875.3776,40
2019,7(a)(i),149214.45799999998,20
2019,7(a)(ii),451683.63388,105
2019,7(a)(iii),181930.30624,43
2019,8(b)(ii),4198972.786,28
2019,NA,1821835.682,20
2020,Other,81438492.7805496,233
2020,1(a),80745140.144765,76
2020,1(c),490861559.83540887,689
2020,2(b),68333374.0261,46
2020,2(e)(i),4845949.544,21
2020,3(a),13531896.54254,54
2020,3(c),29575753.6,65
2020,3(c)(i),58570690.254,103
2020,3(c)(iii),8251850.252,36
2020,3(e),4645995,31
2020,4(a),8289525.462,18
2020,4(a)(ii),8655389.6,24
2020,4(c),16480011.073,26
2020,5(a),3860473.6890000002,29
2020,5(b),40633548.14969,183
2020,5(c),4426129.88152,42
2020,5(d),15071768.44401024,580
2020,5(f),751336.5160000001,57
2020,6(a),13863255.69,60
2020,6(b),17104122.957,72
2020,7(a),138661.2872,31
2020,7(a)(i),168112.77899999998,22
2020,7(a)(ii),459303.79832,103
2020,7(a)(iii),187856.24784,41
2020,8(b)(ii),4841969.198012,27
2020,NA,937381.858,18
2021,Other,86832939.6509504,229
2021,1(a),90695915.0398,73
2021,1(c),516486504.5467766,685
2021,2(b),77989868.928,47
2021,2(e)(i),5470271.18,22
2021,3(a),13308804.35092,51
2021,3(c),34874458.459,67
2021,3(c)(i),58004965.7414,102
2021,3(c)(iii),8518342.661,34
2021,3(e),5330404.6,34
2021,4(a),8642036.892,17
2021,4(a)(ii),8322691.600000001,23
2021,4(c),14666123.172,25
2021,5(a),3964680.1909,30
2021,5(b),41441965.121898,181
2021,5(c),4199670.71848,41
2021,5(d),14060279.34280754,560
2021,5(f),833966.968,56
2021,6(a),13357557.997,58
2021,6(b),18300456.775,70
2021,7(a),88646.5512,21
2021,7(a)(i),114372.9516,14
2021,7(a)(ii),470363.69519999996,103
2021,7(a)(iii),179476.9968,38
2021,8(b)(ii),5032729.458,25
2021,NA,1367778.4409999999,13
2022,Other,78889255.1194496,222
2022,1(a),93362764.2034,73
2022,1(c),536796477.6488729,663
2022,2(b),70053715.344,41
2022,2(e)(i),3769597.511,19
2022,3(a),12906456.7568,47
2022,3(c),32839082.6,67
2022,3(c)(i),54677196.8521,96
2022,3(c)(iii),8027108.056,32
2022,3(e),5148012.5,32
2022,4(a),9570066.0526,19
2022,4(a)(ii),7459439.1,24
2022,4(c),9138874.587,26
2022,5(a),3782220.3887,31
2022,5(b),46279965.52121,177
2022,5(c),4002095.00136,40
2022,5(d),12772853.51067486,537
2022,5(f),465171.97599999997,45
2022,6(a),13443012.540000001,60
2022,6(b),15827036.0771,64
2022,7(a),55660.56,14
2022,7(a)(i),149712.6586,16
2022,7(a)(ii),403316.31828,87
2022,7(a)(iii),117613.73296,26
2022,8(b)(ii),5094921.908,25
2022,NA,571725.632,11
2023,Other,64269412.3633504,180
2023,1(a),82726787.6106,66
2023,1(c),373724479.2205001,576
2023,2(b),47841801.156,37
2023,2(e)(i),2027821.573,10
2023,3(a),12714866.6636,43
2023,3(c),29667227.794,67
2023,3(c)(i),45226150.929514,80
2023,3(c)(iii),6343224.4969999995,25
2023,3(e),4015544,27
2023,4(a),8100628.128,17
2023,4(a)(ii),6771317.100000001,21
2023,4(c),5757405.522,22
2023,5(a),3224333.237,23
2023,5(b),35669368.324184,156
2023,5(c),1345112.94592,32
2023,5(d),11600700.5660797,490
2023,5(f),537967.836,49
2023,6(a),11801261.41496,58
2023,6(b),13320288.2321,49
2023,7(a),64659.5856,14
2023,7(a)(i),41077.799999999996,6
2023,7(a)(ii),329771.46259999997,81
2023,7(a)(iii),108211.51984,25
2023,8(b)(ii),3712280.813,19
2023,NA,347908.658,4
2024,Other,59977144.0972,159
2024,1(a),63521880.411,54
2024,1(c),278973574.9974944,468
2024,2(b),39428786.936000004,33
2024,2(e)(i),2277430.662,12
2024,3(a),11435077.3536,37
2024,3(c),17052206.913,31
2024,3(c)(i),38694490.818013,75
2024,3(c)(iii),5467832.202,22
2024,3(e),3753000,19
2024,4(a),6061776,9
2024,4(a)(ii),7193055.5,21
2024,4(c),6290059.4,20
2024,5(a),2500328.904,27
2024,5(b),32180087.781800002,139
2024,5(c),1328728.1,32
2024,5(d),10438516.91819732,421
2024,5(f),471108.512,47
2024,6(a),12452037.50952,55
2024,6(b),14276731.78301,54
2024,7(a),41356.4,7
2024,7(a)(i),24961.399999999998,5
2024,7(a)(ii),314264.91855999996,81
2024,7(a)(iii),186762.11968,33
2024,8(b)(ii),3253561.102452,21
