year,primary_sector,state,p50,n_facilities
2024,Other,AK,786936.9934137152,7
2024,Other,AL,393008.21889283165,7
2024,Other,AR,199882.77346292973,4
2024,Other,AZ,164051.9503815443,2
2024,Other,CA,3796837.304413103,33
2024,Other,CO,409107.5561549136,6
2024,Other,CT,564703.283324708,9
2024,Other,DE,75797.94065668542,2
2024,Other,FL,308520.65596517397,5
2024,Other,GA,854453.7739733072,15
2024,Other,IA,8847695.724703256,41
2024,Other,ID,476911.57556319534,8
2024,Other,IL,2326606.175738565,21
2024,Other,IN,3858466.2614185866,26
2024,Other,KS,772862.5044827269,14
2024,Other,KY,508200.062152634,10
2024,Other,LA,362151.5152640568,4
2024,Other,MA,403319.6382330193,6
2024,Other,MD,450939.57850174373,4
2024,Other,ME,20744.729368873664,1
2024,Other,MI,1563550.9360391726,20
2024,Other,MN,1868458.9936267147,22
2024,Other,MO,736698.4790785792,13
2024,Other,MS,120741.23411990954,3
2024,Other,MT,39385.8069436608,1
2024,Other,NC,612234.2326291483,11
2024,Other,ND,359632.20984909596,5
2024,Other,NE,2651516.879292704,19
2024,Other,NH,40459.26411470835,1
2024,Other,NJ,253354.67923095153,7
2024,Other,NM,104239.53338469063,3
2024,Other,NV,264034.95399256883,4
2024,Other,NY,1120350.4158961866,16
2024,Other,OH,1577738.558159701,19
2024,Other,OK,442640.9558359272,8
2024,Other,OR,439748.09921124607,7
2024,Other,PA,5163932.767852015,11
2024,Other,RI,23991.569383562324,1
2024,Other,SC,341577.32479427144,6
2024,Other,SD,1160691.9708917674,11
2024,Other,TN,1035939.3246305698,11
2024,Other,TX,9492911.265232477,25
2024,Other,UT,225542.53719309438,4
2024,Other,VA,723066.0123569453,10
2024,Other,VI,32569.989997336026,1
2024,Other,VT,54937.73988294435,2
2024,Other,WA,463484.4624856242,8
2024,Other,WI,915393.1723270227,13
2024,Other,WV,2706890.791561703,4
2024,Other,WY,36618.5545404422,1
2024,Chemicals,AK,610516.0181395417,2
2024,Chemicals,AL,2509116.9351808173,7
2024,Chemicals,AR,2047787.6877164394,6
2024,Chemicals,AZ,406341.4116552861,1
2024,Chemicals,CA,23032104.80187734,15
2024,Chemicals,CO,30814.994706142228,1
2024,Chemicals,DE,23890.710335341162,1
2024,Chemicals,FL,244977.14987863463,1
2024,Chemicals,GA,1587808.0285659984,2
2024,Chemicals,HI,602756.2614288381,1
2024,Chemicals,IA,4666325.83222251,4
2024,Chemicals,ID,238350.4682760498,2
2024,Chemicals,IL,7408079.560549307,10
2024,Chemicals,IN,5123765.414454567,3
2024,Chemicals,KS,4888546.551876277,8
2024,Chemicals,KY,803386.8772302807,4
2024,Chemicals,LA,32544874.93122548,32
2024,Chemicals,MA,72228.64259975814,2
2024,Chemicals,MD,103380.06423191744,1
2024,Chemicals,MI,176730.759513345,3
2024,Chemicals,MN,4874402.613700901,2
2024,Chemicals,MO,195003.26912955137,3
2024,Chemicals,MS,7205024.860507612,2
2024,Chemicals,MT,2947658.092312373,4
2024,Chemicals,NC,133726.12977747366,1
2024,Chemicals,NJ,2379273.362129656,3
2024,Chemicals,NM,823110.6158107143,1
2024,Chemicals,NV,27212.627376423316,1
2024,Chemicals,NY,20733.585048712135,1
2024,Chemicals,OH,2162422.3752730754,8
2024,Chemicals,OK,4199076.384685015,4
2024,Chemicals,OR,181994.6953036212,1
2024,Chemicals,PA,1101674.9242450835,5
2024,Chemicals,PR,59470.24320088729,1
2024,Chemicals,TN,5178398.31730697,5
2024,Chemicals,TX,35648003.5471191,45
2024,Chemicals,UT,249401.43513573927,2
2024,Chemicals,VA,1209549.7543050447,2
2024,Chemicals,WA,2305093.083047387,4
2024,Chemicals,WV,1599152.7377793833,5
2024,Chemicals,WY,427022.27441729186,1
2024,Import and Export of Equipment Containing Fluorintaed GHGs,AL,27748.514318548947,1
2024,Import and Export of Equipment Containing Fluorintaed GHGs,PA,41792.27003639156,1
2024,Industrial Gas Suppliers,NJ,8496.257536399178,1
2024,Injection of CO2,IL,3852533.7114648917,1
2024,Injection of CO2,NM,198322.619097855,1
2024,Injection of CO2,TX,152310.07580290135,2
2024,Metals,AL,1483830.2555795535,9
2024,Metals,AR,498390.83380291855,3
2024,Metals,AZ,82077.86967385067,1
2024,Metals,CA,107430.00859763728,3
2024,Metals,CO,271997.3261289058,1
2024,Metals,FL,98280.79930034238,1
2024,Metals,GA,122244.64182042333,2
2024,Metals,IA,350413.5405871786,3
2024,Metals,IL,1167871.8439085616,8
2024,Metals,IN,20532940.243084528,17
2024,Metals,KY,546842.2326593081,5
2024,Metals,LA,778206.4463737973,1
2024,Metals,MI,1015301.1337680025,3
2024,Metals,MN,2104811.5984980054,4
2024,Metals,MO,20542.109360613664,1
2024,Metals,MS,525693.846391164,1
2024,Metals,NC,260749.70953087893,2
2024,Metals,NE,178906.56666435764,1
2024,Metals,NJ,69076.76954755766,1
2024,Metals,NY,216543.30843644333,2
2024,Metals,OH,1782089.1318763164,10
2024,Metals,OR,156564.29717496032,2
2024,Metals,PA,4072584.0668842955,14
2024,Metals,SC,352855.98947672715,3
2024,Metals,TN,289946.8870664872,2
2024,Metals,TX,911992.8609176711,6
2024,Metals,UT,260483.9407744805,1
2024,Metals,VA,504932.58502304903,3
2024,Metals,WA,121439.31667825078,1
2024,Metals,WI,392245.32749194634,3
2024,Metals,WV,252981.273474947,3
2024,Minerals,AL,3416248.1673902944,7
2024,Minerals,AR,505582.80154466163,3
2024,Minerals,AZ,1677815.0104118164,2
2024,Minerals,CA,4350806.534631229,7
2024,Minerals,CO,265220.2145541352,3
2024,Minerals,GA,254868.29034399765,4
2024,Minerals,IA,1577696.2603545326,6
2024,Minerals,ID,271187.3940909195,1
2024,Minerals,IL,1185043.9202821439,4
2024,Minerals,IN,2278827.358110765,9
2024,Minerals,KS,2572094.7680899543,4
2024,Minerals,KY,2698615.7795457128,5
2024,Minerals,MI,3811859.3598656845,7
2024,Minerals,MN,1610625.07867546,6
2024,Minerals,MO,8217540.80103475,8
2024,Minerals,MS,32240.721169956658,1
2024,Minerals,MT,728433.4116724352,3
2024,Minerals,NC,368734.81280274503,5
2024,Minerals,ND,1298644.6579154497,3
2024,Minerals,NE,636593.7899085907,1
2024,Minerals,NJ,119005.29973881398,3
2024,Minerals,NM,45799.658561739314,1
2024,Minerals,NV,960126.3090091547,2
2024,Minerals,NY,381388.433905137,5
2024,Minerals,OH,2411016.123657668,9
2024,Minerals,OK,884289.26936752,6
2024,Minerals,PA,2754460.6895089312,11
2024,Minerals,SC,2510525.7515836377,5
2024,Minerals,SD,270605.29948434,1
2024,Minerals,TN,1190316.9969066281,6
2024,Minerals,TX,4214983.089262748,11
2024,Minerals,UT,710726.8428268795,1
2024,Minerals,VA,108366.38263052887,2
2024,Minerals,WA,573423.2330187313,4
2024,Minerals,WI,1052947.6173190032,6
2024,Minerals,WV,394312.3022802222,2
2024,Minerals,WY,3248910.195476367,5
2024,Natural Gas and Natural Gas Liquids Suppliers,AL,272356.90933334036,2
2024,Natural Gas and Natural Gas Liquids Suppliers,CA,28060.43552316928,1
2024,Natural Gas and Natural Gas Liquids Suppliers,CO,401655.47962093365,1
2024,Natural Gas and Natural Gas Liquids Suppliers,IL,306552.9449461692,1
2024,Natural Gas and Natural Gas Liquids Suppliers,LA,315132.7205073325,4
2024,Natural Gas and Natural Gas Liquids Suppliers,MN,38367.03204042119,1
2024,Natural Gas and Natural Gas Liquids Suppliers,ND,28373.128161581473,1
2024,Natural Gas and Natural Gas Liquids Suppliers,OK,32968.870462671715,1
2024,Natural Gas and Natural Gas Liquids Suppliers,TX,1161869.8337833097,5
2024,Natural Gas and Natural Gas Liquids Suppliers,WY,419345.5332112065,4
2024,Petroleum and Natural Gas Systems,AK,7360611.268632863,8
2024,Petroleum and Natural Gas Systems,AL,599806.2838994736,5
2024,Petroleum and Natural Gas Systems,AR,89527.07014040816,2
2024,Petroleum and Natural Gas Systems,AZ,307496.25237045635,5
2024,Petroleum and Natural Gas Systems,CA,449451.9049924434,6
2024,Petroleum and Natural Gas Systems,CO,1708595.8303022294,8
2024,Petroleum and Natural Gas Systems,CT,177951.83569165092,3
2024,Petroleum and Natural Gas Systems,FL,138526.64373186222,3
2024,Petroleum and Natural Gas Systems,HI,24895.43195078454,1
2024,Petroleum and Natural Gas Systems,IA,166100.67494785853,3
2024,Petroleum and Natural Gas Systems,ID,238382.65704533958,2
2024,Petroleum and Natural Gas Systems,IL,127932.73884543718,3
2024,Petroleum and Natural Gas Systems,IN,82443.24070616938,1
2024,Petroleum and Natural Gas Systems,KS,88863.54986472914,3
2024,Petroleum and Natural Gas Systems,KY,18579.710924649473,1
2024,Petroleum and Natural Gas Systems,LA,3483046.930068591,28
2024,Petroleum and Natural Gas Systems,MA,31306.859159065003,1
2024,Petroleum and Natural Gas Systems,MI,648823.1415915049,4
2024,Petroleum and Natural Gas Systems,MN,284795.66965882387,3
2024,Petroleum and Natural Gas Systems,MS,482172.0467831271,9
2024,Petroleum and Natural Gas Systems,ND,908122.7119907014,9
2024,Petroleum and Natural Gas Systems,NJ,67129.35795832108,1
2024,Petroleum and Natural Gas Systems,NM,634995.8232731541,5
2024,Petroleum and Natural Gas Systems,NV,146211.93401779293,2
2024,Petroleum and Natural Gas Systems,NY,238435.90993826344,3
2024,Petroleum and Natural Gas Systems,OH,19663.657916993947,1
2024,Petroleum and Natural Gas Systems,OK,986934.3110092039,12
2024,Petroleum and Natural Gas Systems,OR,60489.76932531998,1
2024,Petroleum and Natural Gas Systems,PA,436016.5210522525,6
2024,Petroleum and Natural Gas Systems,SC,1941251.32471494,1
2024,Petroleum and Natural Gas Systems,TX,5792628.209035398,28
2024,Petroleum and Natural Gas Systems,UT,212849.4309097031,4
2024,Petroleum and Natural Gas Systems,WA,109211.06082474829,1
2024,Petroleum and Natural Gas Systems,WV,201497.7056912583,3
2024,Petroleum and Natural Gas Systems,WY,913082.4915799741,7
2024,Petroleum Product Suppliers,AK,492704.2043350383,1
2024,Petroleum Product Suppliers,AL,392690.52012514014,1
2024,Petroleum Product Suppliers,CA,1025323.8539695385,3
2024,Petroleum Product Suppliers,IL,4171108.7578234323,2
2024,Petroleum Product Suppliers,IN,202690.8885578629,1
2024,Petroleum Product Suppliers,KY,2084486.0054591564,1
2024,Petroleum Product Suppliers,LA,11851371.500030646,6
2024,Petroleum Product Suppliers,MI,866197.5984810058,1
2024,Petroleum Product Suppliers,MS,31010.184794329838,1
2024,Petroleum Product Suppliers,ND,673497.3326245056,1
2024,Petroleum Product Suppliers,NJ,5551.549803873298,1
2024,Petroleum Product Suppliers,NV,14622.743952988707,1
2024,Petroleum Product Suppliers,OH,3055784.3638781095,3
2024,Petroleum Product Suppliers,OK,438805.93597294233,1
2024,Petroleum Product Suppliers,PA,106813.97519455625,1
2024,Petroleum Product Suppliers,TX,10147131.510238321,8
2024,Petroleum Product Suppliers,WA,3151467.053704874,3
2024,Petroleum Product Suppliers,WY,158361.75642373922,1
2024,Power Plants,AK,1436880.8391761072,5
2024,Power Plants,AL,31418412.665710952,8
2024,Power Plants,AR,4438973.624030747,2
2024,Power Plants,AZ,17471509.064854532,7
2024,Power Plants,CA,10533303.745807815,22
2024,Power Plants,CO,17616354.91535009,10
2024,Power Plants,CT,5388214.93693583,5
2024,Power Plants,DC,176743.89173318798,2
2024,Power Plants,DE,55313.797592028415,1
2024,Power Plants,FL,38199277.24875762,16
2024,Power Plants,GA,18809832.46145096,7
2024,Power Plants,GU,377996.9423556652,1
2024,Power Plants,HI,737658.05186227,5
2024,Power Plants,IA,10116243.299372546,3
2024,Power Plants,ID,738812.6031378963,1
2024,Power Plants,IL,5067984.368926667,3
2024,Power Plants,IN,9657736.892286131,4
2024,Power Plants,KS,9754310.103187319,4
2024,Power Plants,KY,29909481.444271512,5
2024,Power Plants,LA,10858186.993006164,6
2024,Power Plants,MA,1196204.5281780083,5
2024,Power Plants,MD,61824.41725255577,1
2024,Power Plants,MI,24630279.82741352,12
2024,Power Plants,MN,5234326.7035903735,7
2024,Power Plants,MO,23212716.50141279,8
2024,Power Plants,MS,16159314.937784895,8
2024,Power Plants,MT,10997794.483820794,2
2024,Power Plants,NC,5728073.594946684,2
2024,Power Plants,ND,16837475.849037815,3
2024,Power Plants,NE,9869348.784255868,4
2024,Power Plants,NJ,4705007.873928825,5
2024,Power Plants,NM,4686893.530116315,6
2024,Power Plants,NV,5975629.569224647,6
2024,Power Plants,NY,6996953.113953175,20
2024,Power Plants,OH,34427064.53965422,12
2024,Power Plants,OK,5223469.4738767,4
2024,Power Plants,OR,2696667.75277152,2
2024,Power Plants,PA,14319271.424112413,13
2024,Power Plants,PR,5021776.7938746745,2
2024,Power Plants,RI,1333644.9020848942,1
2024,Power Plants,SC,6497697.22125126,5
2024,Power Plants,SD,1923322.0989940374,1
2024,Power Plants,TN,12525151.510571903,4
2024,Power Plants,TX,90698320.95844759,30
2024,Power Plants,UT,3957625.6618366125,3
2024,Power Plants,VA,884059.3677330185,2
2024,Power Plants,VI,253872.47966099443,1
2024,Power Plants,WA,2376273.1911294675,4
2024,Power Plants,WI,15102642.011462951,10
2024,Power Plants,WV,23973816.21092079,5
2024,Power Plants,WY,5521911.303021128,6
2024,Pulp and Paper,AL,1580974.399358498,5
2024,Pulp and Paper,AR,795975.7286761147,3
2024,Pulp and Paper,CA,611152.7860892094,3
2024,Pulp and Paper,CT,235153.98240481137,2
2024,Pulp and Paper,FL,363901.3859668031,1
2024,Pulp and Paper,GA,608882.9068618136,5
2024,Pulp and Paper,ID,312694.392731643,1
2024,Pulp and Paper,IN,54509.03435513625,1
2024,Pulp and Paper,KY,47924.40594390896,1
2024,Pulp and Paper,LA,1537420.4402026623,5
2024,Pulp and Paper,ME,309530.35729263356,1
2024,Pulp and Paper,MI,119340.20024839693,1
2024,Pulp and Paper,MN,148906.45255492267,1
2024,Pulp and Paper,MO,161689.1770887684,1
2024,Pulp and Paper,MS,220999.2586061585,2
2024,Pulp and Paper,NC,256045.13161708092,1
2024,Pulp and Paper,NJ,32092.694959409106,1
2024,Pulp and Paper,NY,518191.30049727793,5
2024,Pulp and Paper,OH,112471.3169955246,2
2024,Pulp and Paper,OK,1102184.4785904896,3
2024,Pulp and Paper,OR,447845.3125725033,2
2024,Pulp and Paper,PA,1045217.1303655187,4
2024,Pulp and Paper,SC,302403.8412754324,3
2024,Pulp and Paper,TN,616336.2723088837,6
2024,Pulp and Paper,TX,536142.7213973401,2
2024,Pulp and Paper,UT,49794.25388133566,1
2024,Pulp and Paper,VA,2080975.4324722597,5
2024,Pulp and Paper,WA,199366.00942925044,2
2024,Pulp and Paper,WI,430445.81129609764,6
2024,Pulp and Paper,WV,26767.401275161577,1
2024,Refineries,TX,542989.0209078384,1
2024,Refineries,UT,503329.3511211657,1
2024,Waste,AK,283306.37000765017,3
2024,Waste,AL,1276941.2752557965,10
2024,Waste,AR,546539.3882866023,8
2024,Waste,AZ,356540.2574691906,8
2024,Waste,CA,1123183.9183411403,16
2024,Waste,CO,346599.442058121,4
2024,Waste,CT,563183.9197289563,4
2024,Waste,FL,3924159.482588079,22
2024,Waste,GA,1796710.8106568267,17
2024,Waste,HI,932.5799433988207,1
2024,Waste,IA,503878.7691688688,11
2024,Waste,ID,130963.56564063535,1
2024,Waste,IL,1087834.0227526024,19
2024,Waste,IN,998022.2622304872,14
2024,Waste,KS,426144.7771581501,5
2024,Waste,KY,583315.4835525865,8
2024,Waste,LA,1049573.5503360499,8
2024,Waste,MA,483359.2584588862,3
2024,Waste,MD,721646.5182441196,7
2024,Waste,ME,57059.09813400459,1
2024,Waste,MI,564671.276530058,9
2024,Waste,MN,280857.14834795287,4
2024,Waste,MO,104607.9998316956,5
2024,Waste,MS,461960.40800642635,4
2024,Waste,NC,1790018.495569501,19
2024,Waste,ND,117979.77725060708,3
2024,Waste,NE,436030.32178674027,6
2024,Waste,NH,71230.13057886988,1
2024,Waste,NJ,411911.3688506853,6
2024,Waste,NM,129852.80133546876,2
2024,Waste,NV,39500.739367450595,1
2024,Waste,NY,1474580.1135676973,18
2024,Waste,OH,1282037.686657178,13
2024,Waste,OK,231714.32221804056,5
2024,Waste,OR,250454.50724317663,1
2024,Waste,PA,1557870.502714919,18
2024,Waste,PR,167542.35402238293,2
2024,Waste,SC,831592.5605981824,11
2024,Waste,SD,53169.59339381175,1
2024,Waste,TN,754569.5528458118,10
2024,Waste,TX,3033998.011429605,29
2024,Waste,UT,358468.7605878101,6
2024,Waste,VA,407597.3694824382,7
2024,Waste,VT,56674.584349643665,1
2024,Waste,WA,960262.951917464,9
2024,Waste,WI,514204.12473322597,10
2024,Waste,WV,447014.36216137843,5
2024,Waste,WY,63522.22360421115,1
2025,Other,AK,791102.1367750905,7
2025,Other,AL,398044.77757276385,7
2025,Other,AR,202330.60436495414,4
2025,Other,AZ,164871.33997817925,2
2025,Other,CA,3811456.7984714857,33
2025,Other,CO,401298.3458937228,6
2025,Other,CT,563135.3963577256,9
2025,Other,DE,73738.32015321153,2
2025,Other,FL,307233.8715814279,5
2025,Other,GA,853035.7608593709,15
2025,Other,IA,8842961.985255184,41
2025,Other,ID,488646.86467170226,8
2025,Other,IL,2364250.0314385407,21
2025,Other,IN,3892545.3999308012,26
2025,Other,KS,772486.2882096058,14
2025,Other,KY,508612.82659076294,10
2025,Other,LA,370049.08447456826,4
2025,Other,MA,398856.7725784241,6
2025,Other,MD,450806.0005158934,4
2025,Other,ME,19704.430441631535,1
2025,Other,MI,1548712.385813877,20
2025,Other,MN,1886907.9978205787,22
2025,Other,MO,738388.026222673,13
2025,Other,MS,119415.91076605611,3
2025,Other,MT,40210.56434296513,1
2025,Other,NC,618841.9464784056,11
2025,Other,ND,358861.6668794646,5
2025,Other,NE,2657116.0662903157,19
2025,Other,NH,40016.20091915284,1
2025,Other,NJ,250966.78871313046,7
2025,Other,NM,103714.37685471696,3
2025,Other,NV,260995.94907036476,4
2025,Other,NY,1115266.6800849047,16
2025,Other,OH,1574647.2071180593,19
2025,Other,OK,438796.33132976707,8
2025,Other,OR,450988.98704393895,7
2025,Other,PA,5261321.877271749,11
2025,Other,RI,23739.522364978864,1
2025,Other,SC,350587.1923293902,6
2025,Other,SD,1173430.1029122777,11
2025,Other,TN,1030312.8055650113,11
2025,Other,TX,9511278.875350859,25
2025,Other,UT,229179.89430337318,4
2025,Other,VA,712754.4517347052,10
2025,Other,VI,32338.450709687386,1
2025,Other,VT,54809.08297498997,2
2025,Other,WA,463583.27580178424,8
2025,Other,WI,923829.691080737,13
2025,Other,WV,2643253.618083806,4
2025,Other,WY,36373.91456029945,1
2025,Chemicals,AK,605130.102906702,2
2025,Chemicals,AL,2560714.7877720804,7
2025,Chemicals,AR,2118180.562640123,6
2025,Chemicals,AZ,406435.50291510596,1
2025,Chemicals,CA,23181760.777414523,15
2025,Chemicals,CO,30643.496060134137,1
2025,Chemicals,DE,23714.99270485979,1
2025,Chemicals,FL,242668.611065981,1
2025,Chemicals,GA,1556385.7862755526,2
2025,Chemicals,HI,612219.1977008866,1
2025,Chemicals,IA,4993817.731696464,4
2025,Chemicals,ID,239448.573549752,2
2025,Chemicals,IL,7437603.897250175,10
2025,Chemicals,IN,5161617.615890411,3
2025,Chemicals,KS,4931830.469126657,8
2025,Chemicals,KY,815828.7776569903,4
2025,Chemicals,LA,32928242.488609456,32
2025,Chemicals,MA,71230.17434108353,2
2025,Chemicals,MD,103004.5128524086,1
2025,Chemicals,MI,174474.55045893742,3
2025,Chemicals,MN,4922002.815219564,2
2025,Chemicals,MO,192717.24392810097,3
2025,Chemicals,MS,7294247.048900098,2
2025,Chemicals,MT,2998087.3006249685,4
2025,Chemicals,NC,132199.87364067588,1
2025,Chemicals,NJ,2363727.9969722345,3
2025,Chemicals,NM,836091.9984633146,1
2025,Chemicals,NV,27139.70354025515,1
2025,Chemicals,NY,20054.132618695545,1
2025,Chemicals,OH,2159633.697294568,8
2025,Chemicals,OK,4186777.820479497,4
2025,Chemicals,OR,181220.6951948543,1
2025,Chemicals,PA,1111599.4812842482,5
2025,Chemicals,PR,56528.28044720894,1
2025,Chemicals,TN,5087952.361207868,5
2025,Chemicals,TX,35765198.25508643,45
2025,Chemicals,UT,253589.1180913038,2
2025,Chemicals,VA,1221674.8764441889,2
2025,Chemicals,WA,2291489.108444661,4
2025,Chemicals,WV,1574239.6596314625,5
2025,Chemicals,WY,424855.5707882604,1
2025,Import and Export of Equipment Containing Fluorintaed GHGs,AL,27383.136471201113,1
2025,Import and Export of Equipment Containing Fluorintaed GHGs,PA,42703.89763696247,1
2025,Industrial Gas Suppliers,NJ,8007.820968425862,1
2025,Injection of CO2,IL,3792656.3712911266,1
2025,Injection of CO2,NM,192768.75901499085,1
2025,Injection of CO2,TX,147856.57730040827,2
2025,Metals,AL,1503371.8919878413,9
2025,Metals,AR,491779.0896706197,3
2025,Metals,AZ,81710.15822446496,1
2025,Metals,CA,107650.11482321715,3
2025,Metals,CO,268410.26396470965,1
2025,Metals,FL,100516.54183562666,1
2025,Metals,GA,122716.35313485027,2
2025,Metals,IA,354277.7645805443,3
2025,Metals,IL,1155094.1181879162,8
2025,Metals,IN,20215484.245555717,17
2025,Metals,KY,554641.3098906735,5
2025,Metals,LA,777685.9944920212,1
2025,Metals,MI,977867.6035717026,3
2025,Metals,MN,2111764.897016408,4
2025,Metals,MO,19806.51717183668,1
2025,Metals,MS,520735.73119215213,1
2025,Metals,NC,250989.17780335728,2
2025,Metals,NE,178114.75276647374,1
2025,Metals,NJ,71269.24318917259,1
2025,Metals,NY,219933.79721762487,2
2025,Metals,OH,1780636.3978940966,10
2025,Metals,OR,154258.44034653046,2
2025,Metals,PA,4029420.2697856766,14
2025,Metals,SC,353540.2139723088,3
2025,Metals,TN,291130.12583512906,2
2025,Metals,TX,926924.6387934709,6
2025,Metals,UT,264527.39509447414,1
2025,Metals,VA,492668.3507209971,3
2025,Metals,WA,122002.25831863761,1
2025,Metals,WI,387767.36628230085,3
2025,Metals,WV,251502.73484436286,3
2025,Minerals,AL,3460138.065469163,7
2025,Minerals,AR,507214.95566365565,3
2025,Minerals,AZ,1746112.325309774,2
2025,Minerals,CA,4438811.204015643,7
2025,Minerals,CO,268824.6882459458,3
2025,Minerals,GA,256239.3574887679,4
2025,Minerals,IA,1581859.7441471042,6
2025,Minerals,ID,269413.8706677468,1
2025,Minerals,IL,1238210.7774804586,4
2025,Minerals,IN,2275520.9243380865,9
2025,Minerals,KS,2695593.2564536906,4
2025,Minerals,KY,2724082.5463017905,5
2025,Minerals,MI,3847186.9915631176,7
2025,Minerals,MN,1612639.7636629934,6
2025,Minerals,MO,8256491.216485897,8
2025,Minerals,MS,31095.92948727169,1
2025,Minerals,MT,731132.3744172632,3
2025,Minerals,NC,368325.7584824844,5
2025,Minerals,ND,1312845.6115510385,3
2025,Minerals,NE,629740.8934021123,1
2025,Minerals,NJ,119107.92099672212,3
2025,Minerals,NM,46636.8709455742,1
2025,Minerals,NV,941226.6145010656,2
2025,Minerals,NY,380039.32297399204,5
2025,Minerals,OH,2428000.400743243,9
2025,Minerals,OK,886717.3195284628,6
2025,Minerals,PA,2795891.160151931,11
2025,Minerals,SC,2541390.3637294294,5
2025,Minerals,SD,266818.8198597286,1
2025,Minerals,TN,1245429.1188046085,6
2025,Minerals,TX,4231036.850057141,11
2025,Minerals,UT,695539.3098355143,1
2025,Minerals,VA,109338.37672364322,2
2025,Minerals,WA,575946.5634530032,4
2025,Minerals,WI,1054898.5490407788,6
2025,Minerals,WV,393202.7815753999,2
2025,Minerals,WY,3254165.2324851356,5
2025,Natural Gas and Natural Gas Liquids Suppliers,AL,258962.12216704682,2
2025,Natural Gas and Natural Gas Liquids Suppliers,CA,27708.705689934,1
2025,Natural Gas and Natural Gas Liquids Suppliers,CO,395179.8371163519,1
2025,Natural Gas and Natural Gas Liquids Suppliers,IL,310898.72219980735,1
2025,Natural Gas and Natural Gas Liquids Suppliers,LA,311417.3315472117,4
2025,Natural Gas and Natural Gas Liquids Suppliers,MN,33512.068757723115,1
2025,Natural Gas and Natural Gas Liquids Suppliers,ND,27711.367488694996,1
2025,Natural Gas and Natural Gas Liquids Suppliers,OK,32972.46653052417,1
2025,Natural Gas and Natural Gas Liquids Suppliers,TX,1163084.015009676,5
2025,Natural Gas and Natural Gas Liquids Suppliers,WY,400728.5554433987,4
2025,Petroleum and Natural Gas Systems,AK,7378150.142644027,8
2025,Petroleum and Natural Gas Systems,AL,593515.4268052779,5
2025,Petroleum and Natural Gas Systems,AR,86047.40709322371,2
2025,Petroleum and Natural Gas Systems,AZ,313681.793766029,5
2025,Petroleum and Natural Gas Systems,CA,479523.64749717514,6
2025,Petroleum and Natural Gas Systems,CO,1691922.1600156862,8
2025,Petroleum and Natural Gas Systems,CT,181660.30878010867,3
2025,Petroleum and Natural Gas Systems,FL,139106.1678944233,3
2025,Petroleum and Natural Gas Systems,HI,24907.86683019037,1
2025,Petroleum and Natural Gas Systems,IA,164889.59934626162,3
2025,Petroleum and Natural Gas Systems,ID,249335.86829523108,2
2025,Petroleum and Natural Gas Systems,IL,127078.22233085183,3
2025,Petroleum and Natural Gas Systems,IN,84596.05949860784,1
2025,Petroleum and Natural Gas Systems,KS,85557.14685307094,3
2025,Petroleum and Natural Gas Systems,KY,17107.556976109037,1
2025,Petroleum and Natural Gas Systems,LA,3596206.110707781,28
2025,Petroleum and Natural Gas Systems,MA,31060.096122739218,1
2025,Petroleum and Natural Gas Systems,MI,636999.3741051275,4
2025,Petroleum and Natural Gas Systems,MN,282640.25792227505,3
2025,Petroleum and Natural Gas Systems,MS,478683.7799611652,9
2025,Petroleum and Natural Gas Systems,ND,903240.0078862385,9
2025,Petroleum and Natural Gas Systems,NJ,69058.94319199551,1
2025,Petroleum and Natural Gas Systems,NM,622722.1028018678,5
2025,Petroleum and Natural Gas Systems,NV,143134.7018651064,2
2025,Petroleum and Natural Gas Systems,NY,241164.92690109322,3
2025,Petroleum and Natural Gas Systems,OH,19234.036582995635,1
2025,Petroleum and Natural Gas Systems,OK,998278.3428746243,12
2025,Petroleum and Natural Gas Systems,OR,61088.31393374665,1
2025,Petroleum and Natural Gas Systems,PA,436684.52379319037,6
2025,Petroleum and Natural Gas Systems,SC,1879273.166912309,1
2025,Petroleum and Natural Gas Systems,TX,5999302.972509327,28
2025,Petroleum and Natural Gas Systems,UT,208713.611421141,4
2025,Petroleum and Natural Gas Systems,WA,111783.87783589386,1
2025,Petroleum and Natural Gas Systems,WV,215828.96074762757,3
2025,Petroleum and Natural Gas Systems,WY,891280.9919261499,7
2025,Petroleum Product Suppliers,AK,488533.58842844534,1
2025,Petroleum Product Suppliers,AL,390772.8123634327,1
2025,Petroleum Product Suppliers,CA,1024887.2833350962,3
2025,Petroleum Product Suppliers,IL,4186277.687936517,2
2025,Petroleum Product Suppliers,IN,202248.58304272077,1
2025,Petroleum Product Suppliers,KY,2075640.9525079406,1
2025,Petroleum Product Suppliers,LA,11777498.811299235,6
2025,Petroleum Product Suppliers,MI,869981.0375304113,1
2025,Petroleum Product Suppliers,MS,31172.201933215558,1
2025,Petroleum Product Suppliers,ND,675697.8234455502,1
2025,Petroleum Product Suppliers,NJ,4153.283318005197,1
2025,Petroleum Product Suppliers,NV,14519.01849635812,1
2025,Petroleum Product Suppliers,OH,3005886.3047927534,3
2025,Petroleum Product Suppliers,OK,426818.4723657975,1
2025,Petroleum Product Suppliers,PA,103045.20491013046,1
2025,Petroleum Product Suppliers,TX,10088712.309537098,8
2025,Petroleum Product Suppliers,WA,3128067.5608356185,3
2025,Petroleum Product Suppliers,WY,157365.38301931872,1
2025,Power Plants,AK,1473611.294980123,5
2025,Power Plants,AL,31193891.18597594,8
2025,Power Plants,AR,4411422.672096469,2
2025,Power Plants,AZ,17813255.351135075,7
2025,Power Plants,CA,10473911.074742863,22
2025,Power Plants,CO,17336522.464186136,10
2025,Power Plants,CT,5376805.956606804,5
2025,Power Plants,DC,173697.41947922632,2
2025,Power Plants,DE,53128.61714719086,1
2025,Power Plants,FL,37800726.53862519,16
2025,Power Plants,GA,19013058.38024918,7
2025,Power Plants,GU,375202.8209627258,1
2025,Power Plants,HI,727168.6157357828,5
2025,Power Plants,IA,9718072.302855993,3
2025,Power Plants,ID,770070.6099121529,1
2025,Power Plants,IL,4676001.55575956,3
2025,Power Plants,IN,9503212.688045451,4
2025,Power Plants,KS,9272525.690800274,4
2025,Power Plants,KY,29567734.137698304,5
2025,Power Plants,LA,10946645.907299906,6
2025,Power Plants,MA,1210194.254491873,5
2025,Power Plants,MD,64651.73374663311,1
2025,Power Plants,MI,24999764.986084282,12
2025,Power Plants,MN,5044469.009385442,7
2025,Power Plants,MO,23196079.560786195,8
2025,Power Plants,MS,16374743.645085044,8
2025,Power Plants,MT,10711099.000911789,2
2025,Power Plants,NC,5417339.632186299,2
2025,Power Plants,ND,16725839.60015935,3
2025,Power Plants,NE,9601227.14501854,4
2025,Power Plants,NJ,4733613.501826416,5
2025,Power Plants,NM,4804287.557309613,6
2025,Power Plants,NV,5982603.170043944,6
2025,Power Plants,NY,6898952.083468262,20
2025,Power Plants,OH,34725306.372518845,12
2025,Power Plants,OK,5540884.241384393,4
2025,Power Plants,OR,2787291.5479654507,2
2025,Power Plants,PA,14418325.155220028,13
2025,Power Plants,PR,4968332.043971773,2
2025,Power Plants,RI,1386907.1673946069,1
2025,Power Plants,SC,6524367.472705968,5
2025,Power Plants,SD,1875534.581185952,1
2025,Power Plants,TN,12121809.752983341,4
2025,Power Plants,TX,89818097.22455445,30
2025,Power Plants,UT,3963680.0319268685,3
2025,Power Plants,VA,901860.4945681376,2
2025,Power Plants,VI,248106.76472845583,1
2025,Power Plants,WA,2499671.614857077,4
2025,Power Plants,WI,15416744.223991724,10
2025,Power Plants,WV,24028756.77004181,5
2025,Power Plants,WY,5480177.881555812,6
2025,Pulp and Paper,AL,1578356.541145139,5
2025,Pulp and Paper,AR,787305.4701068524,3
2025,Pulp and Paper,CA,605668.5142214223,3
2025,Pulp and Paper,CT,234939.52566799358,2
2025,Pulp and Paper,FL,343694.4933476714,1
2025,Pulp and Paper,GA,607339.754060666,5
2025,Pulp and Paper,ID,316467.74495454726,1
2025,Pulp and Paper,IN,54458.97625697887,1
2025,Pulp and Paper,KY,47771.12038558495,1
2025,Pulp and Paper,LA,1560687.3297121078,5
2025,Pulp and Paper,ME,312987.8062916582,1
2025,Pulp and Paper,MI,115712.34150839213,1
2025,Pulp and Paper,MN,146771.44089505574,1
2025,Pulp and Paper,MO,163951.0760114347,1
2025,Pulp and Paper,MS,221973.13095258363,2
2025,Pulp and Paper,NC,251504.0084782102,1
2025,Pulp and Paper,NJ,30328.96577066063,1
2025,Pulp and Paper,NY,517221.42328677105,5
2025,Pulp and Paper,OH,112397.48796892207,2
2025,Pulp and Paper,OK,1082142.3707938134,3
2025,Pulp and Paper,OR,449094.3026711907,2
2025,Pulp and Paper,PA,1027157.9148471897,4
2025,Pulp and Paper,SC,304326.6190075442,3
2025,Pulp and Paper,TN,615508.6173196032,6
2025,Pulp and Paper,TX,560759.3569077784,2
2025,Pulp and Paper,UT,51003.676846536524,1
2025,Pulp and Paper,VA,2047920.4388307114,5
2025,Pulp and Paper,WA,198689.40549887542,2
2025,Pulp and Paper,WI,432045.0242545743,6
2025,Pulp and Paper,WV,26607.087019111434,1
2025,Refineries,TX,543473.3115073668,1
2025,Refineries,UT,506729.22190400376,1
2025,Waste,AK,271933.58321242774,3
2025,Waste,AL,1300065.5764651692,10
2025,Waste,AR,547741.8892104842,8
2025,Waste,AZ,352142.4256010301,8
2025,Waste,CA,1105596.6752169484,16
2025,Waste,CO,352755.8360016746,4
2025,Waste,CT,568007.9908347325,4
2025,Waste,FL,4042054.3623133176,22
2025,Waste,GA,1830973.0497355459,17
2025,Waste,HI,650.7383235227275,1
2025,Waste,IA,505258.20732669905,11
2025,Waste,ID,136433.72011681757,1
2025,Waste,IL,1083887.5384270472,19
2025,Waste,IN,986645.5138228758,14
2025,Waste,KS,430441.6453686129,5
2025,Waste,KY,600375.1061179322,8
2025,Waste,LA,1144166.4563029262,8
2025,Waste,MA,484624.23321082914,3
2025,Waste,MD,711769.3126455861,7
2025,Waste,ME,56738.96054252514,1
2025,Waste,MI,559580.4472683395,9
2025,Waste,MN,284067.1675932887,4
2025,Waste,MO,102119.24158164901,5
2025,Waste,MS,460862.9871918251,4
2025,Waste,NC,1825693.0202788014,19
2025,Waste,ND,114707.86058387754,3
2025,Waste,NE,439230.4658314376,6
2025,Waste,NH,70884.67124364633,1
2025,Waste,NJ,402500.54840726015,6
2025,Waste,NM,132197.1481344767,2
2025,Waste,NV,40678.20054539498,1
2025,Waste,NY,1474807.9914249473,18
2025,Waste,OH,1306059.4991745222,13
2025,Waste,OK,233072.7984032818,5
2025,Waste,OR,252131.03772244038,1
2025,Waste,PA,1546544.5663609386,18
2025,Waste,PR,169763.45662778185,2
2025,Waste,SC,830382.3309765459,11
2025,Waste,SD,53740.82717664768,1
2025,Waste,TN,763650.0026945028,10
2025,Waste,TX,3110026.3671937813,29
2025,Waste,UT,362967.99214938655,6
2025,Waste,VA,413964.8633750562,7
2025,Waste,VT,55334.758975416364,1
2025,Waste,WA,986011.3622911654,9
2025,Waste,WI,516823.02912708255,10
2025,Waste,WV,462727.92312779545,5
2025,Waste,WY,63102.459478240686,1
2026,Other,AK,795471.3377491618,7
2026,Other,AL,403283.42804066424,7
2026,Other,AR,204818.1874694652,4
2026,Other,AZ,165698.13273594942,2
2026,Other,CA,3826881.5045812707,33
2026,Other,CO,393941.1773222438,6
2026,Other,CT,561625.5856727969,9
2026,Other,DE,71808.48274854996,2
2026,Other,FL,305990.75858032226,5
2026,Other,GA,852042.1755247068,15
2026,Other,IA,8841184.663117342,41
2026,Other,ID,500795.7744420456,8
2026,Other,IL,2404592.8661099374,21
2026,Other,IN,3930506.5298789986,26
2026,Other,KS,772307.9233214814,14
2026,Other,KY,509321.8680796123,10
2026,Other,LA,378238.12750158727,4
2026,Other,MA,394736.3875818332,6
2026,Other,MD,450699.75046910625,4
2026,Other,ME,18716.30003578952,1
2026,Other,MI,1534507.4386831129,20
2026,Other,MN,1906921.0652925577,22
2026,Other,MO,740380.9455812529,13
2026,Other,MS,118245.62966162844,3
2026,Other,MT,41052.59255174355,1
2026,Other,NC,625805.6852883286,11
2026,Other,ND,358130.72735168965,5
2026,Other,NE,2663270.4952369244,19
2026,Other,NH,39577.98964069335,1
2026,Other,NJ,248730.7566685204,7
2026,Other,NM,103206.09492280644,3
2026,Other,NV,258141.03458085956,4
2026,Other,NY,1110335.1092858515,16
2026,Other,OH,1572756.1755944956,19
2026,Other,OK,435482.2975221155,8
2026,Other,OR,463035.5983834353,7
2026,Other,PA,5360846.023320927,11
2026,Other,RI,23490.12326402677,1
2026,Other,SC,360498.45584834233,6
2026,Other,SD,1186722.8383316651,11
2026,Other,TN,1025069.3323910435,11
2026,Other,TX,9533101.967349771,25
2026,Other,UT,233125.2943995319,4
2026,Other,VA,702954.0237549192,10
2026,Other,VI,32108.557429351837,1
2026,Other,VT,54682.19793389496,2
2026,Other,WA,463808.40087248,8
2026,Other,WI,932531.6800370694,13
2026,Other,WV,2582975.134983584,4
2026,Other,WY,36130.90896252474,1
2026,Chemicals,AK,599805.5940590962,2
2026,Chemicals,AL,2615169.8571962593,7
2026,Chemicals,AR,2191683.1875233524,6
2026,Chemicals,AZ,406529.6159624299,1
2026,Chemicals,CA,23335225.90478365,15
2026,Chemicals,CO,30472.951877557236,1
2026,Chemicals,DE,23540.567488259316,1
2026,Chemicals,FL,240381.82673717276,1
2026,Chemicals,GA,1525593.947745425,2
2026,Chemicals,HI,621830.6967811865,1
2026,Chemicals,IA,5348727.452194775,4
2026,Chemicals,ID,240607.92227343138,2
2026,Chemicals,IL,7467516.791808148,10
2026,Chemicals,IN,5200061.093379596,3
2026,Chemicals,KS,4975689.410728114,8
2026,Chemicals,KY,828470.008417328,4
2026,Chemicals,LA,33330587.043650743,32
2026,Chemicals,MA,70254.47302175034,2
2026,Chemicals,MD,102630.3257479141,1
2026,Chemicals,MI,172288.9275081219,3
2026,Chemicals,MN,4970071.708837058,2
2026,Chemicals,MO,190520.65408717495,3
2026,Chemicals,MS,7384672.403733554,2
2026,Chemicals,MT,3052057.9454010576,4
2026,Chemicals,NC,130691.0371196176,1
2026,Chemicals,NJ,2348289.678700147,3
2026,Chemicals,NM,849278.1121597565,1
2026,Chemicals,NV,27066.9751238752,1
2026,Chemicals,NY,19396.94626584651,1
2026,Chemicals,OH,2157936.2844291856,8
2026,Chemicals,OK,4174531.535687745,4
2026,Chemicals,OR,180449.98680932898,1
2026,Chemicals,PA,1121792.9387001349,5
2026,Chemicals,PR,53731.85509809075,1
2026,Chemicals,TN,4999911.49142345,5
2026,Chemicals,TX,35891214.62569361,45
2026,Chemicals,UT,257848.23801137717,2
2026,Chemicals,VA,1233964.0294277538,2
2026,Chemicals,WA,2278011.1582503775,4
2026,Chemicals,WV,1550137.9162608548,5
2026,Chemicals,WY,422699.86097593827,1
2026,Import and Export of Equipment Containing Fluorintaed GHGs,AL,27022.569727244114,1
2026,Import and Export of Equipment Containing Fluorintaed GHGs,PA,43635.410849905944,1
2026,Industrial Gas Suppliers,NJ,7547.463855425677,1
2026,Injection of CO2,IL,3733709.6643407876,1
2026,Injection of CO2,NM,187370.43016684047,1
2026,Injection of CO2,TX,143533.4068783871,2
2026,Metals,AL,1523802.770580531,9
2026,Metals,AR,485321.4426388575,3
2026,Metals,AZ,81344.09413399018,1
2026,Metals,CA,107978.30553931827,3
2026,Metals,CO,264870.50746764196,1
2026,Metals,FL,102803.14420029435,1
2026,Metals,GA,123190.92940766322,2
2026,Metals,IA,358210.66342120885,3
2026,Metals,IL,1142656.0088562558,8
2026,Metals,IN,19905557.54544482,17
2026,Metals,KY,562641.341455537,5
2026,Metals,LA,777165.8906800412,1
2026,Metals,MI,941825.8843761827,3
2026,Metals,MN,2119804.752651032,4
2026,Metals,MO,19097.26579639538,1
2026,Metals,MS,515824.37877435866,1
2026,Metals,NC,241771.77688666809,2
2026,Metals,NE,177326.44331932397,1
2026,Metals,NJ,73531.30521340358,1
2026,Metals,NY,223422.45175332224,2
2026,Metals,OH,1779354.526374601,10
2026,Metals,OR,151999.46608650597,2
2026,Metals,PA,3986862.77180197,14
2026,Metals,SC,354254.32728448644,3
2026,Metals,TN,292340.3415409489,2
2026,Metals,TX,942319.8306961075,6
2026,Metals,UT,268633.6153676745,1
2026,Metals,VA,480955.1811034725,3
2026,Metals,WA,122567.80951990739,1
2026,Metals,WI,383365.64699029503,3
2026,Metals,WV,250063.8815026544,3
2026,Minerals,AL,3506440.8206411204,7
2026,Minerals,AR,508928.8106555333,3
2026,Minerals,AZ,1819038.607992603,2
2026,Minerals,CA,4529946.190000434,7
2026,Minerals,CO,272583.0960007648,3
2026,Minerals,GA,257978.60222876072,4
2026,Minerals,IA,1586522.991667232,6
2026,Minerals,ID,267651.9458122111,1
2026,Minerals,IL,1294245.7041212593,4
2026,Minerals,IN,2272534.8465856737,9
2026,Minerals,KS,2825294.7768476326,4
2026,Minerals,KY,2751191.0118447575,5
2026,Minerals,MI,3886130.6980088,7
2026,Minerals,MN,1615827.7962348065,6
2026,Minerals,MO,8296736.637748349,8
2026,Minerals,MS,29991.78664708116,1
2026,Minerals,MT,733950.1461753582,3
2026,Minerals,NC,367968.61300044175,5
2026,Minerals,ND,1327264.8013645038,3
2026,Minerals,NE,622961.7679428421,1
2026,Minerals,NJ,119216.15475245348,3
2026,Minerals,NM,47489.38747353718,1
2026,Minerals,NV,922724.87785423,2
2026,Minerals,NY,378767.1733080136,5
2026,Minerals,OH,2445532.8116358994,9
2026,Minerals,OK,889171.4610875438,6
2026,Minerals,PA,2839282.394598161,11
2026,Minerals,SC,2573661.265546834,5
2026,Minerals,SD,263085.32304060843,1
2026,Minerals,TN,1303463.1570057801,6
2026,Minerals,TX,4247844.569604423,11
2026,Minerals,UT,680676.3194735599,1
2026,Minerals,VA,110319.44001714981,2
2026,Minerals,WA,578583.9787916305,4
2026,Minerals,WI,1057079.605879042,6
2026,Minerals,WV,392109.30866324785,2
2026,Minerals,WY,3259861.5582179753,5
2026,Natural Gas and Natural Gas Liquids Suppliers,AL,246252.4103130769,2
2026,Natural Gas and Natural Gas Liquids Suppliers,CA,27361.384693314394,1
2026,Natural Gas and Natural Gas Liquids Suppliers,CO,388808.5973847291,1
2026,Natural Gas and Natural Gas Liquids Suppliers,IL,315306.10636425565,1
2026,Natural Gas and Natural Gas Liquids Suppliers,LA,307806.2143650695,4
2026,Natural Gas and Natural Gas Liquids Suppliers,MN,29271.4524083898,1
2026,Natural Gas and Natural Gas Liquids Suppliers,ND,27065.041391287203,1
2026,Natural Gas and Natural Gas Liquids Suppliers,OK,32976.06299061639,1
2026,Natural Gas and Natural Gas Liquids Suppliers,TX,1164454.6522410878,5
2026,Natural Gas and Natural Gas Liquids Suppliers,WY,383207.39356740366,4
2026,Petroleum and Natural Gas Systems,AK,7395950.8895329125,8
2026,Petroleum and Natural Gas Systems,AL,587773.6712889131,5
2026,Petroleum and Natural Gas Systems,AR,82752.4898952902,2
2026,Petroleum and Natural Gas Systems,AZ,320156.0273220952,5
2026,Petroleum and Natural Gas Systems,CA,513921.349432914,6
2026,Petroleum and Natural Gas Systems,CO,1677745.8383007231,8
2026,Petroleum and Natural Gas Systems,CT,185477.3674794798,3
2026,Petroleum and Natural Gas Systems,FL,139735.28952802697,3
2026,Petroleum and Natural Gas Systems,HI,24920.30792062424,1
2026,Petroleum and Natural Gas Systems,IA,163766.52671440123,3
2026,Petroleum and Natural Gas Systems,ID,260970.2170962345,2
2026,Petroleum and Natural Gas Systems,IL,126448.4957153197,3
2026,Petroleum and Natural Gas Systems,IN,86805.09428538832,1
2026,Petroleum and Natural Gas Systems,KS,82436.75801223982,3
2026,Petroleum and Natural Gas Systems,KY,15752.048397186703,1
2026,Petroleum and Natural Gas Systems,LA,3722832.9557402576,28
2026,Petroleum and Natural Gas Systems,MA,30815.2780913654,1
2026,Petroleum and Natural Gas Systems,MI,625484.183635057,4
2026,Petroleum and Natural Gas Systems,MN,280502.9516985297,3
2026,Petroleum and Natural Gas Systems,MS,475473.24919606914,9
2026,Petroleum and Natural Gas Systems,ND,898391.7721822024,9
2026,Petroleum and Natural Gas Systems,NJ,71043.99296886293,1
2026,Petroleum and Natural Gas Systems,NM,610856.6853936721,5
2026,Petroleum and Natural Gas Systems,NV,140125.0978829717,2
2026,Petroleum and Natural Gas Systems,NY,243941.48696723196,3
2026,Petroleum and Natural Gas Systems,OH,18813.80182861564,1
2026,Petroleum and Natural Gas Systems,OK,1010747.4894072156,12
2026,Petroleum and Natural Gas Systems,OR,61692.781124657246,1
2026,Petroleum and Natural Gas Systems,PA,438192.52817115415,6
2026,Petroleum and Natural Gas Systems,SC,1819273.780222775,1
2026,Petroleum and Natural Gas Systems,TX,6225523.024554684,28
2026,Petroleum and Natural Gas Systems,UT,204744.52563483827,4
2026,Petroleum and Natural Gas Systems,WA,114417.30580826264,1
2026,Petroleum and Natural Gas Systems,WV,231558.84539690273,3
2026,Petroleum and Natural Gas Systems,WY,870387.6783495476,7
2026,Petroleum Product Suppliers,AK,484398.2757258568,1
2026,Petroleum Product Suppliers,AL,388864.46974519215,1
2026,Petroleum Product Suppliers,CA,1024457.2126803349,3
2026,Petroleum Product Suppliers,IL,4201502.686797354,2
2026,Petroleum Product Suppliers,IN,201807.24271239756,1
2026,Petroleum Product Suppliers,KY,2066833.4315725225,1
2026,Petroleum Product Suppliers,LA,11704757.692040939,6
2026,Petroleum Product Suppliers,MI,873781.0021521146,1
2026,Petroleum Product Suppliers,MS,31335.065553780176,1
2026,Petroleum Product Suppliers,ND,677905.5038419906,1
2026,Petroleum Product Suppliers,NJ,3107.197616706071,1
2026,Petroleum Product Suppliers,NV,14416.028809319576,1
2026,Petroleum Product Suppliers,OH,2957553.0568452682,3
2026,Petroleum Product Suppliers,OK,415158.4867436827,1
2026,Petroleum Product Suppliers,PA,99409.41001053464,1
2026,Petroleum Product Suppliers,TX,10030999.520669257,8
2026,Petroleum Product Suppliers,WA,3104931.463468913,3
2026,Petroleum Product Suppliers,WY,156375.27855244584,1
2026,Power Plants,AK,1513674.2764689934,5
2026,Power Plants,AL,30992136.981373776,8
2026,Power Plants,AR,4384055.027449459,2
2026,Power Plants,AZ,18204351.86521131,7
2026,Power Plants,CA,10421559.930032723,22
2026,Power Plants,CO,17069245.417980354,10
2026,Power Plants,CT,5366741.473372276,5
2026,Power Plants,DC,170713.16217310337,2
2026,Power Plants,DE,51029.762606275486,1
2026,Power Plants,FL,37415914.84387199,16
2026,Power Plants,GA,19263474.145294253,7
2026,Power Plants,GU,372429.35347854515,1
2026,Power Plants,HI,717255.5715290488,5
2026,Power Plants,IA,9346389.17825735,3
2026,Power Plants,ID,802651.0941094405,1
2026,Power Plants,IL,4321062.423245875,3
2026,Power Plants,IN,9351653.351972636,4
2026,Power Plants,KS,8816360.825885829,4
2026,Power Plants,KY,29232116.082033258,5
2026,Power Plants,LA,11036420.640317265,6
2026,Power Plants,MA,1225155.7262160324,5
2026,Power Plants,MD,67608.34735199634,1
2026,Power Plants,MI,25433788.480871405,12
2026,Power Plants,MN,4862277.01268969,7
2026,Power Plants,MO,23190303.889134824,8
2026,Power Plants,MS,16598961.893365638,8
2026,Power Plants,MT,10432360.166057397,2
2026,Power Plants,NC,5128895.361723593,2
2026,Power Plants,ND,16614963.239408873,3
2026,Power Plants,NE,9342660.840772789,4
2026,Power Plants,NJ,4765387.3817576915,5
2026,Power Plants,NM,4925758.525821256,6
2026,Power Plants,NV,5989669.567395635,6
2026,Power Plants,NY,6809370.773766879,20
2026,Power Plants,OH,35082043.623464175,12
2026,Power Plants,OK,5881065.099695854,4
2026,Power Plants,OR,2881437.7103458927,2
2026,Power Plants,PA,14524122.483009301,13
2026,Power Plants,PR,4915917.716433171,2
2026,Power Plants,RI,1442296.5873175804,1
2026,Power Plants,SC,6556804.039077449,5
2026,Power Plants,SD,1828934.4083677945,1
2026,Power Plants,TN,11735040.225891512,4
2026,Power Plants,TX,88997614.81756003,30
2026,Power Plants,UT,3970048.7855004906,3
2026,Power Plants,VA,920174.6046915408,2
2026,Power Plants,VI,242471.99533490432,1
2026,Power Plants,WA,2630265.0278536263,4
2026,Power Plants,WI,15781102.985851342,10
2026,Power Plants,WV,24154347.67366944,5
2026,Power Plants,WY,5439709.429884993,6
2026,Pulp and Paper,AL,1575808.5958819904,5
2026,Pulp and Paper,AR,779087.7294720751,3
2026,Pulp and Paper,CA,600242.9078825243,3
2026,Pulp and Paper,CT,234726.21529865923,2
2026,Pulp and Paper,FL,324609.65886040387,1
2026,Pulp and Paper,GA,606879.2324502352,5
2026,Pulp and Paper,ID,320286.6310511917,1
2026,Pulp and Paper,IN,54408.96412942454,1
2026,Pulp and Paper,KY,47618.325109026984,1
2026,Pulp and Paper,LA,1584398.3669515415,5
2026,Pulp and Paper,ME,316483.874939124,1
2026,Pulp and Paper,MI,112194.76714037608,1
2026,Pulp and Paper,MN,144667.0409025104,1
2026,Pulp and Paper,MO,166244.61704415703,1
2026,Pulp and Paper,MS,222996.50122550043,2
2026,Pulp and Paper,NC,247043.42504431965,1
2026,Pulp and Paper,NJ,28662.166448823446,1
2026,Pulp and Paper,NY,516580.9788468764,5
2026,Pulp and Paper,OH,112323.71573172166,2
2026,Pulp and Paper,OK,1063839.5141832577,3
2026,Pulp and Paper,OR,450347.43832162954,2
2026,Pulp and Paper,PA,1011966.386382934,4
2026,Pulp and Paper,SC,306283.4048982989,3
2026,Pulp and Paper,TN,614695.1434325736,6
2026,Pulp and Paper,TX,586568.5176918118,2
2026,Pulp and Paper,UT,52242.474765567036,1
2026,Pulp and Paper,VA,2016244.8893849063,5
2026,Pulp and Paper,WA,198023.7323975367,2
2026,Pulp and Paper,WI,433726.2156077445,6
2026,Pulp and Paper,WV,26447.73291083306,1
2026,Refineries,TX,543958.0340445131,1
2026,Refineries,UT,510152.0580102712,1
2026,Waste,AK,261798.55253396,3
2026,Waste,AL,1325067.139104102,10
2026,Waste,AR,549437.7037988784,8
2026,Waste,AZ,347920.2379744973,8
2026,Waste,CA,1089747.4983115585,16
2026,Waste,CO,359259.4947815386,4
2026,Waste,CT,572893.8481596707,4
2026,Waste,FL,4169135.780926602,22
2026,Waste,GA,1868220.3367802813,17
2026,Waste,HI,454.07406485480834,1
2026,Waste,IA,506730.85253825196,11
2026,Waste,ID,142132.35485655162,1
2026,Waste,IL,1081420.572718788,19
2026,Waste,IN,976394.6516619776,14
2026,Waste,KS,434812.4805044246,5
2026,Waste,KY,618726.1397774928,8
2026,Waste,LA,1255602.5411699794,8
2026,Waste,MA,485936.3395001874,3
2026,Waste,MD,702294.2721544385,7
2026,Waste,ME,56420.619125202385,1
2026,Waste,MI,555072.2935218462,9
2026,Waste,MN,287344.28707692353,4
2026,Waste,MO,99786.4609693409,5
2026,Waste,MS,460096.0685905918,4
2026,Waste,NC,1866665.4003225656,19
2026,Waste,ND,111577.757498886,3
2026,Waste,NE,442713.5475107185,6
2026,Waste,NH,70540.88735322857,1
2026,Waste,NJ,394146.36313283414,6
2026,Waste,NM,134591.0447973449,2
2026,Waste,NV,41890.76017586888,1
2026,Waste,NY,1475833.4070706356,18
2026,Waste,OH,1332948.6725644707,13
2026,Waste,OK,234585.291470795,5
2026,Waste,OR,253818.79081645695,1
2026,Waste,PA,1535967.0181684033,18
2026,Waste,PR,172100.79448504653,2
2026,Waste,SC,830237.6010293729,11
2026,Waste,SD,54318.19807684383,1
2026,Waste,TN,774855.2055410586,10
2026,Waste,TX,3193591.8654454206,29
2026,Waste,UT,367731.90236023045,6
2026,Waste,VA,420835.3602311501,7
2026,Waste,VT,54026.60797611421,1
2026,Waste,WA,1013859.5251205045,9
2026,Waste,WI,520765.35835252143,10
2026,Waste,WV,480186.22623782564,5
2026,Waste,WY,62685.469214888086,1
2027,Other,AK,800047.035408338,7
2027,Other,AL,408732.78045228944,7
2027,Other,AR,207346.178373076,4
2027,Other,AZ,166532.3989013765,2
2027,Other,CA,3843110.924052,33
2027,Other,CO,387013.4730499672,6
2027,Other,CT,560172.2172755813,9
2027,Other,DE,70000.68451259898,2
2027,Other,FL,304790.90066871175,5
2027,Other,GA,851479.1178751345,15
2027,Other,IA,8842453.115279429,41
2027,Other,ID,513372.5184389643,8
2027,Other,IL,2447761.252371671,21
2027,Other,IN,3972476.7571163923,26
2027,Other,KS,772319.9126605802,14
2027,Other,KY,510324.69174224354,10
2027,Other,LA,386729.1058276242,4
2027,Other,MA,390935.48492139037,6
2027,Other,MD,450620.68228876573,4
2027,Other,ME,17777.72202385417,1
2027,Other,MI,1520919.069094352,20
2027,Other,MN,1928646.5512703073,22
2027,Other,MO,742676.7609780232,13
2027,Other,MS,117209.81219053344,3
2027,Other,MT,41912.25322890352,1
2027,Other,NC,633125.5323548294,11
2027,Other,ND,357438.6617189307,5
2027,Other,NE,2669989.976807904,19
2027,Other,NH,39144.57714673016,1
2027,Other,NJ,246641.92597338452,7
2027,Other,NM,102714.38610495142,3
2027,Other,NV,255455.3061182709,4
2027,Other,NY,1105552.1463010365,16
2027,Other,OH,1572028.3759620967,19
2027,Other,OK,432709.7582121876,8
2027,Other,OR,475923.36408483126,7
2027,Other,PA,5462553.353942394,11
2027,Other,RI,23243.34426261166,1
2027,Other,SC,371390.5270145034,6
2027,Other,SD,1200604.0157642886,11
2027,Other,TN,1020188.2186157455,11
2027,Other,TX,9558550.963577306,25
2027,Other,UT,237391.81923821208,4
2027,Other,VA,693648.8799206313,10
2027,Other,VI,31880.29845490248,1
2027,Other,VT,54557.073334974266,2
2027,Other,WA,464158.6858273313,8
2027,Other,WI,941502.796046514,13
2027,Other,WV,2525835.4751068084,4
2027,Other,WY,35889.52682819262,1
2027,Chemicals,AK,594541.5519952265,2
2027,Chemicals,AL,2672652.3343420196,7
2027,Chemicals,AR,2268423.6495572953,6
2027,Chemicals,AZ,406623.7508023038,1
2027,Chemicals,CA,23492569.00875237,15
2027,Chemicals,CO,30303.356846413873,1
2027,Chemicals,DE,23367.42517975693,1
2027,Chemicals,FL,238116.59188913056,1
2027,Chemicals,GA,1495419.7961431367,2
2027,Chemicals,HI,631593.0910227577,1
2027,Chemicals,IA,5733405.205655583,4
2027,Chemicals,ID,241829.11272589705,2
2027,Chemicals,IL,7497820.099733535,10
2027,Chemicals,IN,5239084.398189983,3
2027,Chemicals,KS,5020131.804828339,8
2027,Chemicals,KY,841313.7690973062,4
2027,Chemicals,LA,33752712.953218095,32
2027,Chemicals,MA,69300.92200566806,2
2027,Chemicals,MD,102257.49796239845,1
2027,Chemicals,MI,170171.94865757535,3
2027,Chemicals,MN,5018613.941088522,2
2027,Chemicals,MO,188411.12076280816,3
2027,Chemicals,MS,7476317.986903041,2
2027,Chemicals,MT,3109872.7179712513,4
2027,Chemicals,NC,129199.42139903872,1
2027,Chemicals,NJ,2332957.623377339,3
2027,Chemicals,NM,862672.1857394874,1
2027,Chemicals,NV,26994.44160360181,1
2027,Chemicals,NY,18761.296317018743,1
2027,Chemicals,OH,2157259.34512178,8
2027,Chemicals,OK,4162337.2972793807,4
2027,Chemicals,OR,179682.55614776854,1
2027,Chemicals,PA,1132258.5114716263,5
2027,Chemicals,PR,51073.767491980856,1
2027,Chemicals,TN,4914215.464158226,5
2027,Chemicals,TX,36026144.46367441,45
2027,Chemicals,UT,262180.03415886563,2
2027,Chemicals,VA,1246418.3791625719,2
2027,Chemicals,WA,2264658.338215899,4
2027,Chemicals,WV,1526819.8325516337,5
2027,Chemicals,WY,420555.089197892,1
2027,Import and Export of Equipment Containing Fluorintaed GHGs,AL,26666.750736598296,1
2027,Import and Export of Equipment Containing Fluorintaed GHGs,PA,44587.24344618241,1
2027,Industrial Gas Suppliers,NJ,7113.571953414296,1
2027,Injection of CO2,IL,3675679.1264076624,1
2027,Injection of CO2,NM,182123.27703046874,1
2027,Injection of CO2,TX,139336.74739140505,2
2027,Metals,AL,1545156.8630593952,9
2027,Metals,AR,479015.34002060175,3
2027,Metals,AZ,80979.67002220637,1
2027,Metals,CA,108413.51871514869,3
2027,Metals,CO,261377.43277727414,1
2027,Metals,FL,105141.76338009138,1
2027,Metals,GA,123668.38687664169,2
2027,Metals,IA,362213.1714094263,3
2027,Metals,IL,1130544.096495264,8
2027,Metals,IN,19603045.33775153,17
2027,Metals,KY,570847.945922134,5
2027,Metals,LA,776646.1347050766,1
2027,Metals,MI,907123.956511859,3
2027,Metals,MN,2128970.2539610397,4
2027,Metals,MO,18413.411996368326,1
2027,Metals,MS,510959.348091616,1
2027,Metals,NC,233070.6933800973,2
2027,Metals,NE,176541.6228127297,1
2027,Metals,NJ,75865.16433232081,1
2027,Metals,NY,227010.43166420035,2
2027,Metals,OH,1778241.456729877,10
2027,Metals,OR,149786.31810423228,2
2027,Metals,PA,3944900.811663491,14
2027,Metals,SC,354998.433536074,3
2027,Metals,TN,293577.9701063727,2
2027,Metals,TX,958197.2622592153,6
2027,Metals,UT,272803.5759008431,1
2027,Metals,VA,469777.9402280917,3
2027,Metals,WA,123135.98237888797,1
2027,Metals,WI,379038.5044849569,3
2027,Metals,WV,248664.05427998412,3
2027,Minerals,AL,3555276.559420324,7
2027,Minerals,AR,510727.24051741,3
2027,Minerals,AZ,1896926.023157374,2
2027,Minerals,CA,4624334.342966851,7
2027,Minerals,CO,276501.0678734141,3
2027,Minerals,GA,260090.47856329344,4
2027,Minerals,IA,1591693.969893976,6
2027,Minerals,ID,265901.54367148166,1
2027,Minerals,IL,1353320.2862925609,4
2027,Minerals,IN,2269867.961625734,9
2027,Minerals,KS,2961518.068557219,4
2027,Minerals,KY,2779977.975102993,5
2027,Minerals,MI,3928816.6780105983,7
2027,Minerals,MN,1620185.3103749761,6
2027,Minerals,MO,8338320.696011382,8
2027,Minerals,MS,28926.849305219424,1
2027,Minerals,MT,736887.7450649538,3
2027,Minerals,NC,367662.9851892959,5
2027,Minerals,ND,1341906.2444711886,3
2027,Minerals,NE,616255.6193895894,1
2027,Minerals,NJ,119329.99221352514,3
2027,Minerals,NM,48357.48790358704,1
2027,Minerals,NV,904612.3128572549,2
2027,Minerals,NY,377570.7418535078,5
2027,Minerals,OH,2463660.8334774775,9
2027,Minerals,OK,891651.6611593347,6
2027,Minerals,PA,2884722.6848989855,11
2027,Minerals,SC,2607397.87088152,5
2027,Minerals,SD,259404.06765822734,1
2027,Minerals,TN,1364577.507322747,6
2027,Minerals,TX,4265408.393477039,11
2027,Minerals,UT,666130.9365845055,1
2027,Minerals,VA,111309.66006012927,2
2027,Minerals,WA,581339.8063364074,4
2027,Minerals,WI,1059495.3750158213,6
2027,Minerals,WV,391031.8929027091,2
2027,Minerals,WY,3266003.8203315847,5
2027,Natural Gas and Natural Gas Liquids Suppliers,AL,234191.90412499305,2
2027,Natural Gas and Natural Gas Liquids Suppliers,CA,27018.417269757592,1
2027,Natural Gas and Natural Gas Liquids Suppliers,CO,382540.07720482803,1
2027,Natural Gas and Natural Gas Liquids Suppliers,IL,319775.9707957052,1
2027,Natural Gas and Natural Gas Liquids Suppliers,LA,304296.4424424853,4
2027,Natural Gas and Natural Gas Liquids Suppliers,MN,25567.443546712508,1
2027,Natural Gas and Natural Gas Liquids Suppliers,ND,26433.78988102716,1
2027,Natural Gas and Natural Gas Liquids Suppliers,OK,32979.65984299127,1
2027,Natural Gas and Natural Gas Liquids Suppliers,TX,1165984.9830695167,5
2027,Natural Gas and Natural Gas Liquids Suppliers,WY,366709.04024735175,4
2027,Petroleum and Natural Gas Systems,AK,7414012.705361578,8
2027,Petroleum and Natural Gas Systems,AL,582561.0486063325,5
2027,Petroleum and Natural Gas Systems,AR,79631.96500154531,2
2027,Petroleum and Natural Gas Systems,AZ,326933.96693669225,5
2027,Petroleum and Natural Gas Systems,CA,553172.8261067611,6
2027,Petroleum and Natural Gas Systems,CO,1665980.0761916,8
2027,Petroleum and Natural Gas Systems,CT,189406.58815344938,3
2027,Petroleum and Natural Gas Systems,FL,140415.35244641942,3
2027,Petroleum and Natural Gas Systems,HI,24932.755225188503,1
2027,Petroleum and Natural Gas Systems,IA,162726.50573679392,3
2027,Petroleum and Natural Gas Systems,ID,273332.98487681174,2
2027,Petroleum and Natural Gas Systems,IL,126018.75315708593,3
2027,Petroleum and Natural Gas Systems,IN,89071.81302007522,1
2027,Petroleum and Natural Gas Systems,KS,79489.53031454327,3
2027,Petroleum and Natural Gas Systems,KY,14503.94285132736,1
2027,Petroleum and Natural Gas Systems,LA,3864528.7497077114,28
2027,Petroleum and Natural Gas Systems,MA,30572.38973426724,1
2027,Petroleum and Natural Gas Systems,MI,614268.5149301238,4
2027,Petroleum and Natural Gas Systems,MN,278383.58384587767,3
2027,Petroleum and Natural Gas Systems,MS,472531.68293418514,9
2027,Petroleum and Natural Gas Systems,ND,893577.7288842852,9
2027,Petroleum and Natural Gas Systems,NJ,73086.10157742571,1
2027,Petroleum and Natural Gas Systems,NM,599383.44112026,5
2027,Petroleum and Natural Gas Systems,NV,137181.57191277415,2
2027,Petroleum and Natural Gas Systems,NY,246766.41881065967,3
2027,Petroleum and Natural Gas Systems,OH,18402.7485712151,1
2027,Petroleum and Natural Gas Systems,OK,1024325.1511421995,12
2027,Petroleum and Natural Gas Systems,OR,62303.22950184335,1
2027,Petroleum and Natural Gas Systems,PA,440552.7827454723,6
2027,Petroleum and Natural Gas Systems,SC,1761189.9885976037,1
2027,Petroleum and Natural Gas Systems,TX,6472756.51617412,28
2027,Petroleum and Natural Gas Systems,UT,200934.3833083824,4
2027,Petroleum and Natural Gas Systems,WA,117112.77262755584,1
2027,Petroleum and Natural Gas Systems,WV,248827.5785326449,3
2027,Petroleum and Natural Gas Systems,WY,850363.6584204695,7
2027,Petroleum Product Suppliers,AK,480297.9673946221,1
2027,Petroleum Product Suppliers,AL,386965.446535655,1
2027,Petroleum Product Suppliers,CA,1024033.7580248915,3
2027,Petroleum Product Suppliers,IL,4216783.965029312,2
2027,Petroleum Product Suppliers,IN,201366.86546069893,1
2027,Petroleum Product Suppliers,KY,2058063.2833941479,1
2027,Petroleum Product Suppliers,LA,11633112.89110446,6
2027,Petroleum Product Suppliers,MI,877597.5645276791,1
2027,Petroleum Product Suppliers,MS,31498.780078588265,1
2027,Petroleum Product Suppliers,ND,680120.3973040406,1
2027,Petroleum Product Suppliers,NJ,2324.589075686027,1
2027,Petroleum Product Suppliers,NV,14313.769672740666,1
2027,Petroleum Product Suppliers,OH,2910732.7685334086,3
2027,Petroleum Product Suppliers,OK,403817.03294132405,1
2027,Petroleum Product Suppliers,PA,95901.89865953728,1
2027,Petroleum Product Suppliers,TX,9973982.510830112,8
2027,Petroleum Product Suppliers,WA,3082055.643694657,3
2027,Petroleum Product Suppliers,WY,155391.40358050072,1
2027,Power Plants,AK,1557259.3652003447,5
2027,Power Plants,AL,30811939.965560477,8
2027,Power Plants,AR,4356869.357978475,2
2027,Power Plants,AZ,18648017.302529063,7
2027,Power Plants,CA,10375936.077136908,22
2027,Power Plants,CO,16813959.74884876,10
2027,Power Plants,CT,5358002.213251417,5
2027,Power Plants,DC,167789.75662355014,2
2027,Power Plants,DE,49013.82365060331,1
2027,Power Plants,FL,37044698.95763942,16
2027,Power Plants,GA,19564523.64318467,7
2027,Power Plants,GU,369676.3872311777,1
2027,Power Plants,HI,707855.6468880444,5
2027,Power Plants,IA,8999001.402434135,3
2027,Power Plants,ID,836610.00768303,1
2027,Power Plants,IL,3999419.454524517,3
2027,Power Plants,IN,9202982.298828963,4
2027,Power Plants,KS,8384586.160423822,4
2027,Power Plants,KY,28902524.124201026,5
2027,Power Plants,LA,11127535.680087982,6
2027,Power Plants,MA,1241071.0308042052,5
2027,Power Plants,MD,70700.17100517788,1
2027,Power Plants,MI,25940940.767302226,12
2027,Power Plants,MN,4687440.849342825,7
2027,Power Plants,MO,23196096.59932546,8
2027,Power Plants,MS,16832451.70727286,8
2027,Power Plants,MT,10161355.794238256,2
2027,Power Plants,NC,4861113.8820770355,2
2027,Power Plants,ND,16504841.487704273,3
2027,Power Plants,NE,9093200.73733314,4
2027,Power Plants,NJ,4800345.232478638,5
2027,Power Plants,NM,5051468.415976429,6
2027,Power Plants,NV,5996829.0996369505,6
2027,Power Plants,NY,6727862.1061685365,20
2027,Power Plants,OH,35506761.44344029,12
2027,Power Plants,OK,6245617.30060688,4
2027,Power Plants,OR,2979255.1204826552,2
2027,Power Plants,PA,14636492.31920693,13
2027,Power Plants,PR,4864509.866283726,2
2027,Power Plants,RI,1499898.1148073259,1
2027,Power Plants,SC,6594876.361050594,5
2027,Power Plants,SD,1783492.0793603915,1
2027,Power Plants,TN,11364220.215085754,4
2027,Power Plants,TX,88235703.69436035,30
2027,Power Plants,UT,3976734.2151728678,3
2027,Power Plants,VA,939018.0412777468,2
2027,Power Plants,VI,236965.19756741205,1
2027,Power Plants,WA,2768498.087913612,4
2027,Power Plants,WI,16199672.674506024,10
2027,Power Plants,WV,24364330.903612252,5
2027,Power Plants,WY,5400480.7602455495,6
2027,Pulp and Paper,AL,1573329.5010050507,5
2027,Pulp and Paper,AR,771310.6016407504,3
2027,Pulp and Paper,CA,594875.326835297,3
2027,Pulp and Paper,CT,234514.04941452332,2
2027,Pulp and Paper,FL,306584.5763169602,1
2027,Pulp and Paper,GA,607448.0873603417,5
2027,Pulp and Paper,ID,324151.6004888781,1
2027,Pulp and Paper,IN,54358.99793025675,1
2027,Pulp and Paper,KY,47466.01854607577,1
2027,Pulp and Paper,LA,1608561.9295792154,5
2027,Pulp and Paper,ME,320018.994615871,1
2027,Pulp and Paper,MI,108784.12457646364,1
2027,Pulp and Paper,MN,142592.81366906382,1
2027,Pulp and Paper,MO,168570.24283409357,1
2027,Pulp and Paper,MS,224069.65101373548,2
2027,Pulp and Paper,NC,242661.95289255658,1
2027,Pulp and Paper,NJ,27086.96998612389,1
2027,Pulp and Paper,NY,516271.36030502,5
2027,Pulp and Paper,OH,112250.00023471432,2
2027,Pulp and Paper,OK,1047196.11918014,3
2027,Pulp and Paper,OR,451604.7357618677,2
2027,Pulp and Paper,PA,999341.0142916704,4
2027,Pulp and Paper,SC,308274.49320721766,3
2027,Pulp and Paper,TN,613895.7476021075,6
2027,Pulp and Paper,TX,613628.1881301608,2
2027,Pulp and Paper,UT,53511.3611091796,1
2027,Pulp and Paper,VA,1985906.6429882161,5
2027,Pulp and Paper,WA,197368.85792596958,2
2027,Pulp and Paper,WI,435489.1512630978,6
2027,Pulp and Paper,WV,26289.333199847806,1
2027,Refineries,TX,544443.1889045235,1
2027,Refineries,UT,513598.0145652999,1
2027,Waste,AK,252793.6292310531,3
2027,Waste,AL,1351991.6950844037,10
2027,Waste,AR,551575.9481676504,8
2027,Waste,AZ,343869.5882487363,8
2027,Waste,CA,1075628.0371885432,16
2027,Waste,CO,366112.3374524249,4
2027,Waste,CT,577842.131693725,4
2027,Waste,FL,4306090.201355028,22
2027,Waste,GA,1908385.1282240641,17
2027,Waste,HI,316.84511103881187,1
2027,Waste,IA,508299.27305538574,11
2027,Waste,ID,148069.0131425842,1
2027,Waste,IL,1080412.482102014,19
2027,Waste,IN,967226.2484143474,14
2027,Waste,KS,439258.3327370845,5
2027,Waste,KY,638424.0961953485,8
2027,Waste,LA,1386586.8294207312,8
2027,Waste,MA,487294.77781861194,3
2027,Waste,MD,693196.520232107,7
2027,Waste,ME,56104.063804364654,1
2027,Waste,MI,551127.5419715461,9
2027,Waste,MN,290689.5754828785,4
2027,Waste,MO,97599.64552373948,5
2027,Waste,MS,459659.8943633181,4
2027,Waste,NC,1913164.376270576,19
2027,Waste,ND,108582.15316902612,3
2027,Waste,NE,446479.2620670922,6
2027,Waste,NH,70198.77078186916,1
2027,Waste,NJ,386760.61310683383,6
2027,Waste,NM,137035.6125807966,2
2027,Waste,NV,43139.46449410531,1
2027,Waste,NY,1477693.3868001767,18
2027,Waste,OH,1362775.5812812983,13
2027,Waste,OK,236249.34818584291,5
2027,Waste,OR,255517.84164887172,1
2027,Waste,PA,1526091.5689569025,18
2027,Waste,PR,174556.33831687842,2
2027,Waste,SC,831142.021766329,11
2027,Waste,SD,54901.77202924269,1
2027,Waste,TN,788083.6475998457,10
2027,Waste,TX,3285354.560836973,29
2027,Waste,UT,372766.86477023,6
2027,Waste,VA,428243.1718136891,7
2027,Waste,VT,52749.38254816469,1
2027,Waste,WA,1043940.1643987995,9
2027,Waste,WI,526018.0051551978,10
2027,Waste,WV,499530.5142327558,5
2027,Waste,WY,62271.234484064145,1
2028,Other,AK,804831.8372597873,7
2028,Other,AL,414401.8604005873,7
2028,Other,AR,209915.2435297247,4
2028,Other,AZ,167374.20938941534,2
2028,Other,CA,3860146.785594465,33
2028,Other,CO,380493.81827681116,6
2028,Other,CT,558773.7231461433,9
2028,Other,DE,68307.6446828511,2
2028,Other,FL,303633.90031556104,5
2028,Other,GA,851353.517073541,15
2028,Other,IA,8846867.162101982,41
2028,Other,ID,526391.8514774143,8
2028,Other,IL,2493890.770272864,21
2028,Other,IN,4018592.6468036845,26
2028,Other,KS,772515.3256304599,14
2028,Other,KY,511619.0671422573,10
2028,Other,LA,395532.85998949443,4
2028,Other,MA,387432.72906061617,6
2028,Other,MD,450568.6539313402,4
2028,Other,ME,16886.21147091467,1
2028,Other,MI,1507930.9362946397,20
2028,Other,MN,1952249.4709255004,22
2028,Other,MO,745275.3608721083,13
2028,Other,MS,116290.75353967707,3
2028,Other,MT,42789.915606660536,1
2028,Other,NC,640802.1155921357,11
2028,Other,ND,356784.75807544775,5
2028,Other,NE,2677284.8471484873,19
2028,Other,NH,38715.91088651024,1
2028,Other,NJ,244695.9205071393,7
2028,Other,NM,102238.9557219379,3
2028,Other,NV,252925.27565754688,4
2028,Other,NY,1100914.3490204893,16
2028,Other,OH,1572430.4996110608,19
2028,Other,OK,430492.10998742544,8
2028,Other,OR,489690.4974182941,7
2028,Other,PA,5566493.272552509,11
2028,Other,RI,22999.157834886137,1
2028,Other,SC,383350.4327156083,6
2028,Other,SD,1215110.01311331,11
2028,Other,TN,1015650.5830896636,11
2028,Other,TX,9587806.995081317,25
2028,Other,UT,241993.38009481944,4
2028,Other,VA,684824.0400126742,10
2028,Other,VI,31653.662168097366,1
2028,Other,VT,54433.697846681105,2
2028,Other,WA,464633.070382694,8
2028,Other,WI,950746.8893366212,13
2028,Other,WV,2471629.6295007886,4
2028,Other,WY,35649.757311324196,1
2028,Chemicals,AK,589337.054685294,2
2028,Chemicals,AL,2733343.1818261505,7
2028,Chemicals,AR,2348535.750647857,6
2028,Chemicals,AZ,406717.9074397716,1
2028,Chemicals,CA,23653860.472109787,15
2028,Chemicals,CO,30134.70568426951,1
2028,Chemicals,DE,23195.556343485303,1
2028,Chemicals,FL,235872.7034506158,1
2028,Chemicals,GA,1465850.871722221,2
2028,Chemicals,HI,641508.7493952592,1
2028,Chemicals,IA,6150404.722739053,4
2028,Chemicals,ID,243112.7607009646,2
2028,Chemicals,IL,7528515.935871654,10
2028,Chemicals,IN,5278676.99675465,3
2028,Chemicals,KS,5065166.214671922,8
2028,Chemicals,KY,854363.3107342637,4
2028,Chemicals,LA,34195470.88625349,32
2028,Chemicals,MA,68368.92200115515,2
2028,Chemicals,MD,101886.02455782822,1
2028,Chemicals,MI,168121.7261367094,3
2028,Chemicals,MN,5067634.204830426,2
2028,Chemicals,MO,186386.36951833166,3
2028,Chemicals,MS,7569201.108801949,2
2028,Chemicals,MT,3171861.542562611,4
2028,Chemicals,NC,127724.82993281467,1
2028,Chemicals,NJ,2317731.0534057072,3
2028,Chemicals,NM,876277.4989643788,1
2028,Chemicals,NV,26922.102457156172,1
2028,Chemicals,NY,18146.477010906885,1
2028,Chemicals,OH,2157537.82118847,8
2028,Chemicals,OK,4150194.8732938566,4
2028,Chemicals,OR,178918.38927043253,1
2028,Chemicals,PA,1142999.490236719,5
2028,Chemicals,PR,48547.17413092992,1
2028,Chemicals,TN,4830805.565048039,5
2028,Chemicals,TX,36170085.69545195,45
2028,Chemicals,UT,266585.7676684448,2
2028,Chemicals,VA,1259039.1191879227,2
2028,Chemicals,WA,2251429.770167594,4
2028,Chemicals,WV,1504258.6830528458,5
2028,Chemicals,WY,418421.199954722,1
2028,Import and Export of Equipment Containing Fluorintaed GHGs,AL,26315.61698334402,1
2028,Import and Export of Equipment Containing Fluorintaed GHGs,PA,45559.838658730405,1
2028,Industrial Gas Suppliers,NJ,6704.623818771292,1
2028,Injection of CO2,IL,3618550.518092939,1
2028,Injection of CO2,NM,177023.06605573915,1
2028,Injection of CO2,TX,135262.89358700614,2
2028,Metals,AL,1567469.8015914205,9
2028,Metals,AR,472858.28638669325,3
2028,Metals,AZ,80616.87854195746,1
2028,Metals,CA,108954.86324370973,3
2028,Metals,CO,257930.42426055856,1
2028,Metals,FL,107533.58268047478,1
2028,Metals,GA,124148.74187241818,2
2028,Metals,IA,366286.2387113205,3
2028,Metals,IL,1118745.7573851533,8
2028,Metals,IN,19307836.486045066,17
2028,Metals,KY,579266.9019197604,5
2028,Metals,LA,776126.7263345009,1
2028,Metals,MI,873711.750878704,3
2028,Metals,MN,2139302.4551546886,4
2028,Metals,MO,17754.046310231395,1
2028,Metals,MS,506140.2022575117,1
2028,Metals,NC,224860.48160042154,2
2028,Metals,NE,175760.27580515813,1
2028,Metals,NJ,78273.09936177905,1
2028,Metals,NY,230698.9442318832,2
2028,Metals,OH,1777295.185386952,10
2028,Metals,OR,147617.96450346068,2
2028,Metals,PA,3903523.891196854,14
2028,Metals,SC,355772.63966316154,3
2028,Metals,TN,294843.45475725085,2
2028,Metals,TX,974576.6998576742,6
2028,Metals,UT,277038.26612476306,1
2028,Metals,VA,459122.13468338945,3
2028,Metals,WA,123706.78904848284,1
2028,Metals,WI,374784.31460458785,3
2028,Metals,WV,247302.6069450976,3
2028,Minerals,AL,3606774.674586193,7
2028,Minerals,AR,512613.225192638,3
2028,Minerals,AZ,1980130.6812402788,2
2028,Minerals,CA,4722103.506722892,7
2028,Minerals,CO,280584.46867388766,3
2028,Minerals,GA,262580.57400904084,4
2028,Minerals,IA,1597380.9047730512,6
2028,Minerals,ID,264162.5888887939,1
2028,Minerals,IL,1415617.3666909866,4
2028,Minerals,IN,2267519.2084405827,9
2028,Minerals,KS,3104598.5371769895,4
2028,Minerals,KY,2810481.663037068,5
2028,Minerals,MI,3975377.479257729,7
2028,Minerals,MN,1625710.112592451,6
2028,Minerals,MO,8381289.970050369,8
2028,Minerals,MS,27899.725367255072,1
2028,Minerals,MT,739946.2149679824,3
2028,Minerals,NC,367408.496216984,5
2028,Minerals,ND,1356774.0373619797,3
2028,Minerals,NE,609621.6621500459,1
2028,Minerals,NJ,119449.42504729483,3
2028,Minerals,NM,49241.45710762494,1
2028,Minerals,NV,886880.333246961,2
2028,Minerals,NY,376448.82518038806,5
2028,Minerals,OH,2482436.6080936957,9
2028,Minerals,OK,894157.8892805236,6
2028,Minerals,PA,2932304.5629304023,11
2028,Minerals,SC,2642662.458936952,5
2028,Minerals,SD,255774.32271752993,1
2028,Minerals,TN,1428939.2535669894,6
2028,Minerals,TX,4283730.8814592855,11
2028,Minerals,UT,651896.3742093083,1
2028,Minerals,VA,112309.12527031326,2
2028,Minerals,WA,584218.5492089924,4
2028,Minerals,WI,1062150.588098774,6
2028,Minerals,WV,389970.544535756,2
2028,Minerals,WY,3272596.83397746,5
2028,Natural Gas and Natural Gas Liquids Suppliers,AL,222746.63731885768,2
2028,Natural Gas and Natural Gas Liquids Suppliers,CA,26679.748848423656,1
2028,Natural Gas and Natural Gas Liquids Suppliers,CO,376372.6204929416,1
2028,Natural Gas and Natural Gas Liquids Suppliers,IL,324309.20123127545,1
2028,Natural Gas and Natural Gas Liquids Suppliers,LA,300885.17251743545,4
2028,Natural Gas and Natural Gas Liquids Suppliers,MN,22332.13987451355,1
2028,Natural Gas and Natural Gas Liquids Suppliers,ND,25817.261365771763,1
2028,Natural Gas and Natural Gas Liquids Suppliers,OK,32983.2570876915,1
2028,Natural Gas and Natural Gas Liquids Suppliers,TX,1167678.348830098,5
2028,Natural Gas and Natural Gas Liquids Suppliers,WY,351165.5584998111,4
2028,Petroleum and Natural Gas Systems,AK,7432334.8288495345,8
2028,Petroleum and Natural Gas Systems,AL,577859.0508874786,5
2028,Petroleum and Natural Gas Systems,AR,76676.06349115922,2
2028,Petroleum and Natural Gas Systems,AZ,334031.53643455217,5
2028,Petroleum and Natural Gas Systems,CA,597874.7852201245,6
2028,Petroleum and Natural Gas Systems,CO,1656545.1471564167,8
2028,Petroleum and Natural Gas Systems,CT,193451.67211127334,3
2028,Petroleum and Natural Gas Systems,FL,141147.74657317318,3
2028,Petroleum and Natural Gas Systems,HI,24945.20874698693,1
2028,Petroleum and Natural Gas Systems,IA,161764.86637926352,3
2028,Petroleum and Natural Gas Systems,ID,286474.83585386525,2
2028,Petroleum and Natural Gas Systems,IL,125767.0662085576,3
2028,Petroleum and Natural Gas Systems,IN,91397.72198852045,1
2028,Petroleum and Natural Gas Systems,KS,76703.60337507413,3
2028,Petroleum and Natural Gas Systems,KY,13354.730313813692,1
2028,Petroleum and Natural Gas Systems,LA,4023116.23477287,28
2028,Petroleum and Natural Gas Systems,MA,30331.41584160575,1
2028,Petroleum and Natural Gas Systems,MI,603343.6700143535,4
2028,Petroleum and Natural Gas Systems,MN,276281.98887969065,3
2028,Petroleum and Natural Gas Systems,MS,469850.83275030967,9
2028,Petroleum and Natural Gas Systems,ND,888797.6043567233,9
2028,Petroleum and Natural Gas Systems,NJ,75186.90913286475,1
2028,Petroleum and Natural Gas Systems,NM,588286.9909552109,5
2028,Petroleum and Natural Gas Systems,NV,134302.61069375227,2
2028,Petroleum and Natural Gas Systems,NY,249640.56619009277,3
2028,Petroleum and Natural Gas Systems,OH,18000.676208902045,1
2028,Petroleum and Natural Gas Systems,OK,1038997.9296108595,12
2028,Petroleum and Natural Gas Systems,OR,62919.71824897888,1
2028,Petroleum and Natural Gas Systems,PA,443780.0540439519,6
2028,Petroleum and Natural Gas Systems,SC,1704960.6330041206,1
2028,Petroleum and Natural Gas Systems,TX,6742595.777020179,28
2028,Petroleum and Natural Gas Systems,UT,197275.76696224188,4
2028,Petroleum and Natural Gas Systems,WA,119871.73981790358,1
2028,Petroleum and Natural Gas Systems,WV,267789.9443714363,3
2028,Petroleum and Natural Gas Systems,WY,831171.822277141,7
2028,Petroleum Product Suppliers,AK,476232.3671316323,1
2028,Petroleum Product Suppliers,AL,385075.6972234039,1
2028,Petroleum Product Suppliers,CA,1023617.0376707674,3
2028,Petroleum Product Suppliers,IL,4232121.7340593925,2
2028,Petroleum Product Suppliers,IN,200927.4491860261,1
2028,Petroleum Product Suppliers,KY,2049330.3493898346,1
2028,Petroleum Product Suppliers,LA,11562530.852517674,6
2028,Petroleum Product Suppliers,MI,881430.7971539511,1
2028,Petroleum Product Suppliers,MS,31663.349953310677,1
2028,Petroleum Product Suppliers,ND,682342.5273986604,1
2028,Petroleum Product Suppliers,NJ,1739.0958147448907,1
2028,Petroleum Product Suppliers,NV,14212.235904510619,1
2028,Petroleum Product Suppliers,OH,2865375.324952111,3
2028,Petroleum Product Suppliers,OK,392785.40918811114,1
2028,Petroleum Product Suppliers,PA,92518.14456528341,1
2028,Petroleum Product Suppliers,TX,9917650.862531587,8
2028,Petroleum Product Suppliers,WA,3059437.020937302,3
2028,Petroleum Product Suppliers,WY,154413.71890902647,1
2028,Power Plants,AK,1604569.9848170157,5
2028,Power Plants,AL,30652201.73452548,8
2028,Power Plants,AR,4329864.342211922,2
2028,Power Plants,AZ,19147769.298802633,7
2028,Power Plants,CA,10336752.56949946,22
2028,Power Plants,CO,16570144.109567622,10
2028,Power Plants,CT,5350569.556105945,5
2028,Power Plants,DC,164925.87025462126,2
2028,Power Plants,DE,47077.52468668169,1
2028,Power Plants,FL,36686946.325943515,16
2028,Power Plants,GA,19920018.03539919,7
2028,Power Plants,GU,366943.77067721816,1
2028,Power Plants,HI,698913.7719096212,5
2028,Power Plants,IA,8673930.302216757,3
2028,Power Plants,ID,872005.6698259066,1
2028,Power Plants,IL,3707725.4329336337,3
2028,Power Plants,IN,9057125.837784532,4
2028,Power Plants,KS,7976058.7030200455,4
2028,Power Plants,KY,28578856.897095837,5
2028,Power Plants,LA,11220016.006893128,6
2028,Power Plants,MA,1257924.8483814092,5
2028,Power Plants,MD,73933.38804951265,1
2028,Power Plants,MI,26531959.64410589,12
2028,Power Plants,MN,4519664.609962122,7
2028,Power Plants,MO,23214248.498868763,8
2028,Power Plants,MS,17075728.062240694,8
2028,Power Plants,MT,9897869.908450639,2
2028,Power Plants,NC,4612487.146805898,2
2028,Power Plants,ND,16395469.103212792,3
2028,Power Plants,NE,8852422.77566734,4
2028,Power Plants,NJ,4838504.97823305,5
2028,Power Plants,NM,5181586.180667928,6
2028,Power Plants,NV,6004082.108238822,6
2028,Power Plants,NY,6654126.522714281,20
2028,Power Plants,OH,36010949.58286134,12
2028,Power Plants,OK,6636263.0688203955,4
2028,Power Plants,OR,3080899.2116242014,2
2028,Power Plants,PA,14755303.713805936,13
2028,Power Plants,PR,4814085.124870374,2
2028,Power Plants,RI,1559800.0956145977,1
2028,Power Plants,SC,6638467.386166353,5
2028,Power Plants,SD,1739178.8259809439,1
2028,Power Plants,TN,11008751.631164148,4
2028,Power Plants,TX,87531294.62201044,30
2028,Power Plants,UT,3983738.8784251753,3
2028,Power Plants,VA,958407.6791867374,2
2028,Power Plants,VI,231583.46505378583,1
2028,Power Plants,WA,2914844.3630770165,4
2028,Power Plants,WI,16676807.881445624,10
2028,Power Plants,WV,24675548.65957509,5
2028,Power Plants,WY,5362467.322040459,6
2028,Pulp and Paper,AL,1570918.2147172461,5
2028,Pulp and Paper,AR,763962.5961791467,3
2028,Pulp and Paper,CA,589565.1378590704,3
2028,Pulp and Paper,CT,234303.02613962413,2
2028,Pulp and Paper,FL,289560.3992975186,1
2028,Pulp and Paper,GA,608998.120509265,5
2028,Pulp and Paper,ID,328063.2093654478,1
2028,Pulp and Paper,IN,54309.07761729714,1
2028,Pulp and Paper,KY,47314.19913358743,1
2028,Pulp and Paper,LA,1633186.5598763973,5
2028,Pulp and Paper,ME,323593.6015212521,1
2028,Pulp and Paper,MI,105477.16316449117,1
2028,Pulp and Paper,MN,140548.3265795304,1
2028,Pulp and Paper,MO,170928.40222067208,1
2028,Pulp and Paper,MS,225192.87308143062,2
2028,Pulp and Paper,NC,238358.18893405242,1
2028,Pulp and Paper,NJ,25598.34213297205,1
2028,Pulp and Paper,NY,516294.24390714546,5
2028,Pulp and Paper,OH,112176.34142873582,2
2028,Pulp and Paper,OK,1032136.8299677118,3
2028,Pulp and Paper,OR,452866.2113013432,2
2028,Pulp and Paper,PA,989015.2692118305,4
2028,Pulp and Paper,SC,310300.18354538357,3
2028,Pulp and Paper,TN,613110.3277929123,6
2028,Pulp and Paper,TX,641999.1726849503,2
2028,Pulp and Paper,UT,54811.06667719186,1
2028,Pulp and Paper,VA,1956865.0780725924,5
2028,Pulp and Paper,WA,196724.65153169358,2
2028,Pulp and Paper,WI,437333.6253428684,6
2028,Pulp and Paper,WV,26131.8821701171,1
2028,Refineries,TX,544928.7764729827,1
2028,Refineries,UT,517067.2477422538,1
2028,Waste,AK,244820.99989032926,3
2028,Waste,AL,1380889.279953654,10
2028,Waste,AR,554113.0859167199,8
2028,Waste,AZ,339986.5703735459,8
2028,Waste,CA,1063240.3267365622,16
2028,Waste,CO,373316.86993697146,4
2028,Waste,CT,582853.4892048242,4
2028,Waste,FL,4453665.322831034,22
2028,Waste,GA,1951421.1319610882,17
2028,Waste,HI,221.08909572119543,1
2028,Waste,IA,509966.14402781834,11
2028,Waste,ID,154253.6368664703,1
2028,Waste,IL,1080849.8877636967,19
2028,Waste,IN,959100.4819021536,14
2028,Waste,KS,443780.2696708653,5
2028,Waste,KY,659528.5345468515,8
2028,Waste,LA,1540310.1275202457,8
2028,Waste,MA,488698.776999367,3
2028,Waste,MD,684452.9287333773,7
2028,Waste,ME,55789.28455888207,1
2028,Waste,MI,547729.5363878561,9
2028,Waste,MN,294104.12842097017,4
2028,Waste,MO,95549.48944148429,5
2028,Waste,MS,459554.967106652,4
2028,Waste,NC,1965452.2860191064,19
2028,Waste,ND,105714.13224173945,3
2028,Waste,NE,450527.69631458557,6
2028,Waste,NH,69858.31344322981,1
2028,Waste,NJ,380262.974860437,6
2028,Waste,NM,139531.99876127028,2
2028,Waste,NV,44425.390922130064,1
2028,Waste,NY,1480431.0254848162,18
2028,Waste,OH,1395622.4671426849,13
2028,Waste,OK,238062.81945390737,5
2028,Waste,OR,257228.26584620547,1
2028,Waste,PA,1516875.3661549632,18
2028,Waste,PR,177132.14161449583,2
2028,Waste,SC,833081.2964165162,11
2028,Waste,SD,55491.61567706548,1
2028,Waste,TN,803260.6123554114,10
2028,Waste,TX,3386051.513967611,29
2028,Waste,UT,378079.58191004465,6
2028,Waste,VA,436225.42641794943,7
2028,Waste,VT,51502.35159021646,1
2028,Waste,WA,1076397.5237014089,9
2028,Waste,WI,532572.8868041991,10
2028,Waste,WV,520915.0263937849,5
2028,Waste,WY,61859.73707680758,1
